Market,Scenario,Strategy,Ann. Return,Ann. Vol,Sharpe,Sortino,Max Drawdown,Calmar,VaR 95,CVaR 95,Avg Turnover,Obs,Gamma,MV CEQ Ann.,CRRA CE Ann.,Delta MV CEQ vs 60/40,Delta MV CEQ vs 1/N,Welfare Obs,Welfare Start,Welfare End,Excluded Obs,Retained Obs,Target Ann. Vol,Realized / Target Vol
US,Full Sample,Direct Short Variance 5% Vol,0.053211202660093715,0.08305994803845848,0.6707890549556992,0.7553874816088434,-0.19994474205385526,0.26612954216000956,-0.016055782839401664,-0.07173234410019266,0.02306314670064574,232.0,5.0,0.03846831662900849,0.032862525773266205,-0.019008675178724697,-0.01641323264289564,232,2007-04-30,2026-07-31,0,232,0.05,1.6611989607691695
US,Full Sample,Direct Short Variance 10% Vol,0.09882000010320335,0.16611989607691696,0.6707890549556992,0.7553874816088434,-0.3977420348062516,0.24845249296152624,-0.03211156567880333,-0.14346468820038533,0.04612629340129148,232.0,5.0,0.042441858417259865,-0.035363686264141214,-0.01503513339047332,-0.012439690854644261,232,2007-04-30,2026-07-31,0,232,0.1,1.6611989607691695
US,Full Sample,Direct Short Variance 10% Vol (VRP > 0),0.08180825464557229,0.16066555889790546,0.5898282450372914,0.6590418445188885,-0.3977420348062516,0.20568169186699814,-0.027154161936571757,-0.13287951686697327,0.039858105056402415,232.0,5.0,0.03023153010274632,-0.04567472881216372,-0.027245461704986863,-0.024650019169157805,232,2007-04-30,2026-07-31,0,232,0.1,1.6066555889790546
US,Full Sample,Direct Short Variance 10% Vol (High VRP),0.062320749747014625,0.07174096946754084,0.8816668516675211,1.218248930380842,-0.23464506501608817,0.2655958255194571,-0.01220749630109555,-0.05263641994319981,0.020132469610168235,232.0,5.0,0.05038471793566593,0.04999041732875087,-0.007092273872067255,-0.004496831336238197,232,2007-04-30,2026-07-31,0,232,0.1,0.7174096946754084
US,Exclude Global Financial Crisis,Direct Short Variance 5% Vol,0.0658354396733778,0.07700984805364942,0.8722378859563474,0.9982198892436602,-0.19994474205385526,0.3292681717814063,-0.013661531173950591,-0.05775111058334085,0.023449507042646985,222.0,5.0,0.05234461532101929,0.0478058157298995,-0.020232951467460528,-0.014598877350396208,222,2007-04-30,2026-07-31,10,222,0.05,1.5401969610729884
US,Exclude Global Financial Crisis,Direct Short Variance 10% Vol,0.12654562261074997,0.15401969610729885,0.8722378859563474,0.9982198892436602,-0.3977420348062515,0.31816004228065314,-0.027323062347901182,-0.1155022211666817,0.04689901408529397,222.0,5.0,0.07503664715580771,0.0009884054718070079,0.0024590803673278927,0.008093154484392212,222,2007-04-30,2026-07-31,10,222,0.1,1.5401969610729884
US,Exclude Global Financial Crisis,Direct Short Variance 10% Vol (VRP > 0),0.10115612570407806,0.15173162479404612,0.7313698984692372,0.8286280198019248,-0.3977420348062515,0.2543259621864039,-0.02698786049119114,-0.11340893626861114,0.04082651126300939,222.0,5.0,0.053415728113590924,-0.019366121453988083,-0.019161838674888895,-0.013527764557824576,222,2007-04-30,2026-07-31,10,222,0.1,1.5173162479404612
US,Exclude Global Financial Crisis,Direct Short Variance 10% Vol (High VRP),0.06294183856021318,0.07322933665085019,0.873281524339566,1.2048587936741213,-0.23464506501608795,0.2682427544593691,-0.012782215903815295,-0.05263641994319981,0.02047716491094088,222.0,5.0,0.05054348737102082,0.05008507567699261,-0.022034079417458996,-0.016400005300394677,222,2007-04-30,2026-07-31,10,222,0.1,0.7322933665085019
US,Exclude Euro Sovereign Crisis,Direct Short Variance 5% Vol,0.05191844525931222,0.08486708774177944,0.6439596858241989,0.723009818923048,-0.19994474205385526,0.2596639687845752,-0.01548008066698589,-0.07551902013743411,0.023199977670631464,219.0,5.0,0.03664492670458379,0.030641730000148026,-0.0211405984776402,-0.017896312556749824,219,2007-04-30,2026-07-31,13,219,0.05,1.6973417548355887
US,Exclude Euro Sovereign Crisis,Direct Short Variance 10% Vol,0.09565528297266246,0.16973417548355887,0.6439596858241989,0.723009818923048,-0.3977420348062515,0.24049578521228757,-0.03096016133397178,-0.15103804027486822,0.04639995534126293,219.0,5.0,0.03727774050031313,-0.044411250831173144,-0.020507784681910862,-0.017263498761020485,219,2007-04-30,2026-07-31,13,219,0.1,1.6973417548355887
US,Exclude Euro Sovereign Crisis,Direct Short Variance 10% Vol (VRP > 0),0.08052535657035609,0.16410537995061447,0.5746240939331952,0.640065180277949,-0.3977420348062516,0.2024562392797675,-0.02703593164864116,-0.1394905806384187,0.04031062299578891,219.0,5.0,0.026972465941845734,-0.05285957482522652,-0.030813059240378256,-0.02756877331948788,219,2007-04-30,2026-07-31,13,219,0.1,1.6410537995061447
US,Exclude Euro Sovereign Crisis,Direct Short Variance 10% Vol (High VRP),0.0658089327106397,0.071625037233192,0.9289996599463057,1.290774671119493,-0.23464506501608806,0.28046160999008274,-0.011805192579191728,-0.05195265672157492,0.020634846118590375,219.0,5.0,0.05371427033663651,0.053435172439134426,-0.004071254845587478,-0.000826968924697101,219,2007-04-30,2026-07-31,13,219,0.1,0.7162503723319199
US,Exclude Volmageddon,Direct Short Variance 5% Vol,0.05648283199602355,0.08248080644631764,0.7127049963752048,0.803002047816385,-0.19994474205385515,0.282492209676661,-0.014575066170138153,-0.06887438852639635,0.023120833266255927,230.0,5.0,0.04177677427925951,0.03623152458506662,-0.018464836014784852,-0.01548428347431588,230,2007-04-30,2026-07-31,2,230,0.05,1.6496161289263527
US,Exclude Volmageddon,Direct Short Variance 10% Vol,0.10572375953533752,0.16496161289263528,0.7127049963752048,0.803002047816385,-0.3977420348062515,0.2658098724386468,-0.029150132340276306,-0.1377487770527927,0.046241666532511855,230.0,5.0,0.04953813139834444,-0.02919452447475024,-0.01070347889569992,-0.007722926355230947,230,2007-04-30,2026-07-31,2,230,0.1,1.6496161289263527
US,Exclude Volmageddon,Direct Short Variance 10% Vol (VRP > 0),0.08846638567933884,0.15947193927552425,0.6318725143913569,0.7065018286876159,-0.3977420348062515,0.2224215142923797,-0.026873531889718045,-0.1268611859612436,0.04004982339650957,230.0,5.0,0.03718768670415006,-0.03967541561356258,-0.023053923589894297,-0.020073371049425325,230,2007-04-30,2026-07-31,2,230,0.1,1.5947193927552423
US,Exclude Volmageddon,Direct Short Variance 10% Vol (High VRP),0.06869000119641133,0.06793637647483977,1.0153390402584932,1.4687953109848848,-0.2295253768133193,0.2992697458995099,-0.011371931413469568,-0.04534209712849283,0.02015266068552553,230.0,5.0,0.05744007716727559,0.057700079416761696,-0.002801533126768771,0.00017901941370020158,230,2007-04-30,2026-07-31,2,230,0.1,0.6793637647483977
US,Exclude Covid Shock,Direct Short Variance 5% Vol,0.0578605365798146,0.08216299971890312,0.7310815450387022,0.8243872273974298,-0.19994474205385526,0.2893826363497462,-0.01473962798388744,-0.06764692313369679,0.023214313600043737,228.0,5.0,0.04319095647248897,0.037675917283224614,-0.01758672028326856,-0.014020952386972235,228,2007-04-30,2026-07-31,4,228,0.05,1.6432599943780624
US,Exclude Covid Shock,Direct Short Variance 10% Vol,0.10865037380485054,0.16432599943780624,0.7310815450387022,0.8243872273974298,-0.3977420348062515,0.2731679437849118,-0.02947925596777488,-0.13529384626739357,0.046428627200087474,228.0,5.0,0.052628120330935564,-0.026591893388542065,-0.008149556424821965,-0.004583788528525638,228,2007-04-30,2026-07-31,4,228,0.1,1.6432599943780624
US,Exclude Covid Shock,Direct Short Variance 10% Vol (VRP > 0),0.09267787050616505,0.15877044802939866,0.6585028153381894,0.7368439830151459,-0.3977420348062515,0.2330099974253674,-0.02690211404008632,-0.12440625517584446,0.04027363651990509,228.0,5.0,0.041530649101224754,-0.035944919901807704,-0.019247027654532775,-0.01568125975823645,228,2007-04-30,2026-07-31,4,228,0.1,1.5877044802939866
US,Exclude Covid Shock,Direct Short Variance 10% Vol (High VRP),0.07265242473185718,0.06502518745657948,1.1147137340973015,1.6912643371511618,-0.13602934080126727,0.5340937793560221,-0.010910236767701614,-0.0416641817800775,0.020201937293912422,228.0,5.0,0.06191378201069247,0.06285969361501764,0.0011361052549349396,0.004701873151231266,228,2007-04-30,2026-07-31,4,228,0.1,0.6502518745657948
US,Exclude Inflation Rate Shock,Direct Short Variance 5% Vol,0.054986796781113956,0.084795630526684,0.6788926906250703,0.7638836636256361,-0.19994474205385526,0.2750099663351148,-0.016878214514281342,-0.07173234410019266,0.023345355044282794,222.0,5.0,0.039591386370465095,0.03372703488557449,-0.0331284657117092,-0.02976733350273726,222,2007-04-30,2026-07-31,10,222,0.05,1.69591261053368
US,Exclude Inflation Rate Shock,Direct Short Variance 10% Vol,0.10207523217417647,0.169591261053368,0.6788926906250703,0.7638836636256361,-0.3977420348062516,0.25663677268584256,-0.033756429028562684,-0.14346468820038533,0.04669071008856559,222.0,5.0,0.043231277958840665,-0.038027222422864826,-0.02948857412333363,-0.026127441914361692,222,2007-04-30,2026-07-31,10,222,0.1,1.69591261053368
US,Exclude Inflation Rate Shock,Direct Short Variance 10% Vol (VRP > 0),0.08363169488254396,0.16418570992422415,0.5918058326155228,0.6610305306697022,-0.3977420348062516,0.21026617144773924,-0.027323062347901182,-0.13287951686697327,0.040590834960304335,222.0,5.0,0.029773692406972477,-0.04936883201876252,-0.04294615967520182,-0.03958502746622988,222,2007-04-30,2026-07-31,10,222,0.1,1.6418570992422414
US,Exclude Inflation Rate Shock,Direct Short Variance 10% Vol (High VRP),0.06323941680211109,0.07325593236782986,0.8768322264476835,1.2101970304835716,-0.23464506501608817,0.2695109602998689,-0.012782215903815295,-0.05263641994319981,0.020277793706709835,222.0,5.0,0.05081708321088503,0.05036966742458082,-0.021902768871289266,-0.018541636662317326,222,2007-04-30,2026-07-31,10,222,0.1,0.7325593236782986
US,Exclude All Major Crises,Direct Short Variance 5% Vol,0.07787643464879235,0.0784001073143633,1.002704196691792,1.14368111271083,-0.19994474205385526,0.3894897852718541,-0.013415329332082818,-0.05624837879452148,0.024234764285058497,193.0,5.0,0.06324567455793972,0.05844685921458348,-0.03684627673662731,-0.027485627354666295,193,2007-04-30,2026-07-31,39,193,0.05,1.5680021462872658
US,Exclude All Major Crises,Direct Short Variance 10% Vol,0.15144273945331488,0.1568002146287266,1.002704196691792,1.14368111271083,-0.3977420348062515,0.3807561841611381,-0.026830658664165636,-0.11249675758904296,0.04846952857011699,193.0,5.0,0.09575846498136104,0.011087846655786882,-0.004333486313206,0.005027163068755017,193,2007-04-30,2026-07-31,39,193,0.1,1.5680021462872658
US,Exclude All Major Crises,Direct Short Variance 10% Vol (VRP > 0),0.1260743569441798,0.15466681491406903,0.8686512273739676,0.9819137116804079,-0.3977420348062515,0.3169751897246497,-0.024489357044513934,-0.10995623356099,0.043047690741178965,193.0,5.0,0.07454695951997113,-0.008960906711645289,-0.025544991774595904,-0.016184342392634887,193,2007-04-30,2026-07-31,39,193,0.1,1.5466681491406902
US,Exclude All Major Crises,Direct Short Variance 10% Vol (High VRP),0.08806373603005158,0.06226056850876655,1.3916767024149397,2.373403016712954,-0.13024998250715614,0.6761132273105159,-0.010858350885562626,-0.034059024354472486,0.021372300391381004,193.0,5.0,0.07695563669517265,0.07918855456350316,-0.023136314599394386,-0.01377566521743337,193,2007-04-30,2026-07-31,39,193,0.1,0.6226056850876655
EU,Full Sample,Direct Short Variance 5% Vol,0.0678122136100443,0.056855719238036985,1.1859715834566142,1.6062059908596817,-0.10996122393466923,0.6166920591056104,-0.024743440500115767,-0.045649768651575384,0.027006551171736306,170.0,5.0,0.05934783534811319,0.060419028935721375,0.0471451430524092,0.04436786634099272,170,2011-06-30,2026-07-31,0,170,0.05,1.1371143847607397
EU,Full Sample,Direct Short Variance 10% Vol,0.135973043259211,0.11371143847607397,1.1859715834566142,1.6062059908596817,-0.21360736588724494,0.6365559665717985,-0.04948688100023153,-0.09129953730315077,0.05401310234347261,170.0,5.0,0.10253280664585392,0.10191254887151358,0.09033011435014993,0.08755283763873345,170,2011-06-30,2026-07-31,0,170,0.1,1.1371143847607397
EU,Full Sample,Direct Short Variance 10% Vol (VRP > 0),0.13078430819374431,0.0969590268794511,1.3239358698465213,1.8912768988553412,-0.21360736588724505,0.6122649734034932,-0.036603067304811145,-0.07342976626315853,0.043876925419398465,170.0,5.0,0.10486490135759305,0.10672871500020986,0.09266220906188906,0.08988493235047257,170,2011-06-30,2026-07-31,0,170,0.1,0.9695902687945109
EU,Full Sample,Direct Short Variance 10% Vol (High VRP),0.06433288685606153,0.07644154643360092,0.8573140767359271,1.1709002548109357,-0.16942066701027925,0.37972278111830515,-0.013106418424765898,-0.05319161793953022,0.023289544125737277,170.0,5.0,0.050926138752088165,0.049832432919883596,0.038723446456384175,0.03594616974496769,170,2011-06-30,2026-07-31,0,170,0.1,0.7644154643360092
EU,Exclude Global Financial Crisis,Direct Short Variance 5% Vol,0.0678122136100443,0.056855719238036985,1.1859715834566142,1.6062059908596817,-0.10996122393466923,0.6166920591056104,-0.024743440500115767,-0.045649768651575384,0.027006551171736306,170.0,5.0,0.05934783534811319,0.060419028935721375,0.0471451430524092,0.04436786634099272,170,2011-06-30,2026-07-31,0,170,0.05,1.1371143847607397
EU,Exclude Global Financial Crisis,Direct Short Variance 10% Vol,0.135973043259211,0.11371143847607397,1.1859715834566142,1.6062059908596817,-0.21360736588724494,0.6365559665717985,-0.04948688100023153,-0.09129953730315077,0.05401310234347261,170.0,5.0,0.10253280664585392,0.10191254887151358,0.09033011435014993,0.08755283763873345,170,2011-06-30,2026-07-31,0,170,0.1,1.1371143847607397
EU,Exclude Global Financial Crisis,Direct Short Variance 10% Vol (VRP > 0),0.13078430819374431,0.0969590268794511,1.3239358698465213,1.8912768988553412,-0.21360736588724505,0.6122649734034932,-0.036603067304811145,-0.07342976626315853,0.043876925419398465,170.0,5.0,0.10486490135759305,0.10672871500020986,0.09266220906188906,0.08988493235047257,170,2011-06-30,2026-07-31,0,170,0.1,0.9695902687945109
EU,Exclude Global Financial Crisis,Direct Short Variance 10% Vol (High VRP),0.06433288685606153,0.07644154643360092,0.8573140767359271,1.1709002548109357,-0.16942066701027925,0.37972278111830515,-0.013106418424765898,-0.05319161793953022,0.023289544125737277,170.0,5.0,0.050926138752088165,0.049832432919883596,0.038723446456384175,0.03594616974496769,170,2011-06-30,2026-07-31,0,170,0.1,0.7644154643360092
EU,Exclude Euro Sovereign Crisis,Direct Short Variance 5% Vol,0.07567670806634719,0.05655921488707664,1.3223980698077653,1.7990218128930993,-0.10996122393466923,0.6882126749635731,-0.021361466946928708,-0.04644121649330152,0.027390953753710444,157.0,5.0,0.0667964346249065,0.06827239251672301,0.04365456880799452,0.043625616321932695,157,2011-06-30,2026-07-31,13,157,0.05,1.1311842977415327
EU,Exclude Euro Sovereign Crisis,Direct Short Variance 10% Vol,0.15270416368666373,0.11311842977415328,1.3223980698077653,1.7990218128930993,-0.21360736588724483,0.7148824810061579,-0.042722933893857416,-0.09288243298660304,0.05478190750742089,157.0,5.0,0.11759814530660045,0.11813233384741784,0.09445627948968847,0.09442732700362665,157,2011-06-30,2026-07-31,13,157,0.1,1.1311842977415327
EU,Exclude Euro Sovereign Crisis,Direct Short Variance 10% Vol (VRP > 0),0.14124437729269101,0.09814097289224638,1.4040723083030522,2.006506240111513,-0.21360736588724505,0.6612336456938868,-0.03520103672990951,-0.07576162610398823,0.04576440869130699,157.0,5.0,0.11371789594733209,0.11621892885113039,0.09057603013042011,0.09054707764435828,157,2011-06-30,2026-07-31,13,157,0.1,0.9814097289224638
EU,Exclude Euro Sovereign Crisis,Direct Short Variance 10% Vol (High VRP),0.06487879302586452,0.0790622732879396,0.8380921667299203,1.1377240169171627,-0.16942066701027914,0.38294497460530114,-0.014738317517327095,-0.05813521745484434,0.02437294580389399,157.0,5.0,0.050634364282840294,0.049337055182858025,0.027492498465928314,0.02746354597986649,157,2011-06-30,2026-07-31,13,157,0.1,0.790622732879396
EU,Exclude Volmageddon,Direct Short Variance 5% Vol,0.06893872136121271,0.05704937636295972,1.2007288882919,1.6250817629891454,-0.10996122393466923,0.6269366499791869,-0.02533099678192571,-0.045649768651575384,0.027066515913958415,168.0,5.0,0.060364255899536264,0.06148272143434563,0.04513848753500516,0.04297427635338244,168,2011-06-30,2026-07-31,2,168,0.05,1.1409875272591943
EU,Exclude Volmageddon,Direct Short Variance 10% Vol,0.13833080952554733,0.11409875272591943,1.2007288882919,1.6250817629891454,-0.21360736588724494,0.6475938175210999,-0.05066199356385142,-0.09129953730315077,0.05413303182791683,168.0,5.0,0.10445535508205939,0.10392476256792049,0.08922958671752829,0.08706537553590557,168,2011-06-30,2026-07-31,2,168,0.1,1.1409875272591943
EU,Exclude Volmageddon,Direct Short Variance 10% Vol (VRP > 0),0.13400278706027025,0.09716392837798864,1.3509278231446882,1.927911664496952,-0.21360736588724494,0.6273322387721645,-0.037003647469068764,-0.07342976626315853,0.044137747446845746,168.0,5.0,0.10765938180725534,0.10973423245296487,0.09243361344272424,0.09026940226110153,168,2011-06-30,2026-07-31,2,168,0.1,0.9716392837798863
EU,Exclude Volmageddon,Direct Short Variance 10% Vol (High VRP),0.06659294783830827,0.07659857355227548,0.8835715600990524,1.2070891440756966,-0.16942066701027925,0.3930627178694078,-0.011932493488510299,-0.052450563935098504,0.023305278280640968,168.0,5.0,0.05301196745933767,0.051977725984385215,0.03778619909480657,0.035621987913183856,168,2011-06-30,2026-07-31,2,168,0.1,0.7659857355227547
EU,Exclude Covid Shock,Direct Short Variance 5% Vol,0.0775300902222893,0.05231596037306416,1.4581815520544157,2.08551586324422,-0.09047268366584449,0.8569447382443313,-0.020793607340086753,-0.03798342383690501,0.027024555988474693,166.0,5.0,0.06944376901962196,0.07127454230730179,0.04645433650206819,0.045366663710372956,166,2011-06-30,2026-07-31,4,166,0.05,1.046319207461283
EU,Exclude Covid Shock,Direct Short Variance 10% Vol,0.15725908163160152,0.10463192074612832,1.4581815520544157,2.08551586324422,-0.1810924823726323,0.8683909987384841,-0.041587214680173505,-0.07596684767381003,0.054049111976949386,166.0,5.0,0.12520273949046384,0.12839675940563633,0.10221330697291008,0.10112563418121484,166,2011-06-30,2026-07-31,4,166,0.1,1.046319207461283
EU,Exclude Covid Shock,Direct Short Variance 10% Vol (VRP > 0),0.1537954740027616,0.08566231012321444,1.7233872335467226,2.765050796489587,-0.14053608307346055,1.0943486586456956,-0.02851057356890988,-0.0557488924509642,0.04419612742940829,166.0,5.0,0.12928425322335355,0.1354273417932823,0.10629482070579978,0.10520714791410454,166,2011-06-30,2026-07-31,4,166,0.1,0.8566231012321444
EU,Exclude Covid Shock,Direct Short Variance 10% Vol (High VRP),0.07690064515861472,0.06777260228390942,1.1311116622689714,1.736962525235444,-0.14053608307346066,0.5471950226364102,-0.012080585142844743,-0.03990429295003914,0.023508262745472217,166.0,5.0,0.06517556677481427,0.06592796393633793,0.042186134257260505,0.04109846146556527,166,2011-06-30,2026-07-31,4,166,0.1,0.6777260228390942
EU,Exclude Inflation Rate Shock,Direct Short Variance 5% Vol,0.06744546570692322,0.05830734476698208,1.1519697592718303,1.5540214622150967,-0.10996122393466923,0.6133568115519913,-0.027465481201309965,-0.04793255926198975,0.027287090593217378,160.0,5.0,0.05866893178056069,0.05967177629566067,0.02949120801484776,0.026922671071707933,160,2011-06-30,2026-07-31,10,160,0.05,1.1661468953396414
EU,Exclude Inflation Rate Shock,Direct Short Variance 10% Vol,0.1349974344744489,0.11661468953396416,1.1519697592718303,1.5540214622150967,-0.21360736588724494,0.6319886672152908,-0.05493096240261993,-0.0958651185239795,0.054574181186434756,160.0,5.0,0.10033913129224281,0.09920550371557235,0.07116140752652989,0.06859287058339006,160,2011-06-30,2026-07-31,10,160,0.1,1.1661468953396414
EU,Exclude Inflation Rate Shock,Direct Short Variance 10% Vol (VRP > 0),0.13074905524064784,0.09939261634217447,1.2936753634467106,1.8393262544212667,-0.21360736588724505,0.6120999371794376,-0.03861778048638394,-0.07780777729055706,0.04463450738304262,160.0,5.0,0.10388454861202533,0.10545654953107775,0.07470682484631239,0.07213828790317256,160,2011-06-30,2026-07-31,10,160,0.1,0.9939261634217447
EU,Exclude Inflation Rate Shock,Direct Short Variance 10% Vol (High VRP),0.06212466349543555,0.07810794760647123,0.8140195213763625,1.1033720445304136,-0.16942066701027925,0.36668881424995375,-0.013916695742094748,-0.05813521745484434,0.02304377488992539,160.0,5.0,0.048329265428071574,0.046990734388046684,0.01915154166235864,0.016583004719218815,160,2011-06-30,2026-07-31,10,160,0.1,0.7810794760647123
EU,Exclude All Major Crises,Direct Short Variance 5% Vol,0.08906011367214672,0.052988984792384876,1.6425562144527965,2.3581222518136156,-0.09047268366584416,0.9843867791198205,-0.019202839021985198,-0.03752794833577536,0.027845561023358983,141.0,5.0,0.08001780499495753,0.08253513079214847,0.019803957408761307,0.023105061651214023,141,2011-06-30,2026-07-31,29,141,0.05,1.0597796958476975
EU,Exclude All Major Crises,Direct Short Variance 10% Vol,0.1818979599128514,0.10597796958476975,1.6425562144527965,2.3581222518136156,-0.18109248237263242,1.0044478795014888,-0.038405678043970395,-0.07505589667155071,0.055691122046717965,141.0,5.0,0.14599644744327708,0.1512268994711612,0.08578259985708087,0.08908370409953358,141,2011-06-30,2026-07-31,29,141,0.1,1.0597796958476975
EU,Exclude All Major Crises,Direct Short Variance 10% Vol (VRP > 0),0.17378372272117337,0.0880253123917413,1.8771332061264783,3.0101111258243742,-0.14053608307346055,1.2365772470713712,-0.030137954745486768,-0.0558706430652696,0.047524823448799006,141.0,5.0,0.14586409781603504,0.1538763481559431,0.08565025022983883,0.08895135447229154,141,2011-06-30,2026-07-31,29,141,0.1,0.880253123917413
EU,Exclude All Major Crises,Direct Short Variance 10% Vol (High VRP),0.07994498314344223,0.07170224535551252,1.1126696157227767,1.6807269677141623,-0.14053608307346066,0.5688573453527489,-0.012450814278680854,-0.042502292028973244,0.024493243520350913,141.0,5.0,0.06692787981362308,0.06755771044880632,0.006714032227426857,0.010015136469879574,141,2011-06-30,2026-07-31,29,141,0.1,0.7170224535551252
