Market,Strategy,Model Group,Gamma,Obs,Start,End,Ann. Arithmetic Mean,Ann. Geometric Return,Ann. Vol,MV CEQ Ann.,CRRA CE Ann.,Min Monthly Return,CRRA Domain Valid,Delta MV CEQ Ann. vs 60/40,Delta MV CEQ CI Low vs 60/40,Delta MV CEQ CI High vs 60/40,Delta MV CEQ Positive vs 60/40,Delta CRRA CE Ann. vs 60/40,Delta CRRA CE CI Low vs 60/40,Delta CRRA CE CI High vs 60/40,Delta CRRA CE Positive vs 60/40,Bootstrap P(Delta MV <= 0) vs 60/40,Bootstrap P(Delta CRRA <= 0) vs 60/40,Fee Eq. bps vs 60/40,CRRA Fee Eq. bps vs 60/40,Delta MV CEQ Ann. vs 1/N Equity-Bond,Delta MV CEQ CI Low vs 1/N Equity-Bond,Delta MV CEQ CI High vs 1/N Equity-Bond,Delta MV CEQ Positive vs 1/N Equity-Bond,Delta CRRA CE Ann. vs 1/N Equity-Bond,Delta CRRA CE CI Low vs 1/N Equity-Bond,Delta CRRA CE CI High vs 1/N Equity-Bond,Delta CRRA CE Positive vs 1/N Equity-Bond,Bootstrap P(Delta MV <= 0) vs 1/N Equity-Bond,Bootstrap P(Delta CRRA <= 0) vs 1/N Equity-Bond,Fee Eq. bps vs 1/N Equity-Bond,CRRA Fee Eq. bps vs 1/N Equity-Bond
US,Synthetic Pure VRP Proxy,Exploratory Synthetic VRP,1.0,184,2011-04-30,2026-07-31,0.338597232447474,0.3874605634624442,0.11617938548609183,0.33184840764151097,0.38746056346244395,-0.0918682423644182,True,0.24178428038568414,0.19209510720229045,0.3049355117532933,True,0.2935561500389814,0.2294341047137441,0.3816003987540622,True,0.0,0.0,2417.8428038568413,2935.561500389814,0.2525201980710924,0.20208103345515677,0.31762806226633544,True,0.30516297756060773,0.23972480637195528,0.3964375178738262,True,0.0,0.0,2525.2019807109236,3051.629775606077
US,Buy-and-Hold Equity,Benchmark,1.0,184,2011-04-30,2026-07-31,0.1413971124429101,0.13957373626488878,0.1420391373327036,0.13130955417580079,0.1395737362648901,-0.1248712409272528,True,0.04124542691997396,0.020972190936128232,0.06214444596632165,True,0.04566932284142755,0.022235025536791905,0.07155898220811144,True,0.0,0.0,412.4542691997396,456.6932284142755,0.0519813446053822,0.026682396700587113,0.07809764791980954,True,0.05727615036305389,0.028125143116340467,0.0892134580744288,True,0.0,0.0,519.813446053822,572.7615036305389
US,RSM RV + Raw VRP,RSM,1.0,184,2011-04-30,2026-07-31,0.09727466115702856,0.09606406710339166,0.10254303721588261,0.09201712391629961,0.09606406710339055,-0.1009697131128694,True,0.001952996660472786,-0.011242448024810042,0.017303284263220114,False,0.0021596536799279864,-0.012356940997799382,0.018646716024067762,False,0.355,0.3535,19.52996660472786,21.596536799279864,0.012688914345881028,-0.0008213408005626706,0.028191967930979465,False,0.013766481201554326,-0.000848676926258518,0.030315245505423683,False,0.0335,0.0335,126.88914345881028,137.66481201554325
US,60/40,Benchmark,1.0,184,2011-04-30,2026-07-31,0.0943069762882626,0.09390441342346367,0.09211784878551788,0.09006412725582683,0.09390441342346256,-0.0770922486000828,True,0.0,0.0,0.0,False,0.0,0.0,0.0,False,1.0,1.0,0.0,0.0,0.010735917685408242,0.0056666198393559965,0.01595261498467994,True,0.01160682752162634,0.006024006779692936,0.017654997877065638,True,0.0,0.0,107.35917685408242,116.0682752162634
US,HMM RV + Log VRP (partial 0.25),HMM,1.0,184,2011-04-30,2026-07-31,0.08735290937556345,0.08693791820451047,0.08618566513601572,0.08363892493809473,0.08693791820450958,-0.0735418699342671,True,-0.0064252023177320955,-0.019426998909014247,0.0054663334684180945,False,-0.006966495218952984,-0.020961799931365772,0.005885980952865144,False,0.846,0.847,-64.25202317732095,-69.66495218952984,0.004310715367676146,-0.009313284895532124,0.017792403074108152,False,0.004640332302673356,-0.009893512572077568,0.019399403555675963,False,0.2385,0.2385,43.10715367676146,46.40332302673356
US,HMM RV + Log VRP (full),HMM,1.0,184,2011-04-30,2026-07-31,0.08390789107335991,0.08356720525275096,0.08237110620085422,0.08051539150498371,0.08356720525275163,-0.0583794362721516,True,-0.009548735750843113,-0.025417699124115935,0.00926263960178937,False,-0.010337208170710932,-0.027371526364383197,0.00996881504569702,False,0.791,0.7905,-95.48735750843113,-103.37208170710932,0.001187181934565129,-0.015785753108403446,0.020760625888661278,False,0.0012696193509154075,-0.016790043542140816,0.0226757548487294,False,0.3465,0.3465,11.871819345651291,12.696193509154075
US,1/N Equity-Bond,Benchmark,1.0,184,2011-04-30,2026-07-31,0.08257103426962824,0.08229758590183689,0.08053352965330211,0.07932820957041858,0.08229758590183622,-0.0669755663537769,True,-0.010735917685408242,-0.01595261498467994,-0.005666619839355997,False,-0.01160682752162634,-0.017654997877065638,-0.006024006779692951,False,1.0,1.0,-107.35917685408242,-116.0682752162634,0.0,0.0,0.0,False,0.0,0.0,0.0,False,1.0,1.0,0.0,0.0
US,ML Random Forest + VRP,Machine Learning,1.0,184,2011-04-30,2026-07-31,0.0786075999275768,0.07814033605342585,0.07930356286296256,0.07546307238619687,0.07814033605342696,-0.060390522340569,True,-0.014601054869629954,-0.022118254973262082,-0.006494135484676347,False,-0.0157640773700356,-0.024136531665205324,-0.006925913229144428,False,1.0,1.0,-146.01054869629954,-157.64077370035602,-0.003865137184221712,-0.011126828855746439,0.004493321129343838,False,-0.004157249848409261,-0.011819666328752082,0.004749373383151308,False,0.775,0.775,-38.65137184221712,-41.57249848409261
US,ML Random Forest Base,Machine Learning,1.0,184,2011-04-30,2026-07-31,0.07716715561633358,0.07662679198357236,0.07896006261918542,0.07404980987192075,0.07662679198357236,-0.0604311502587554,True,-0.016014317383906074,-0.02478591520666857,-0.007086946840670425,False,-0.0172776214398902,-0.02709173691171119,-0.007607932119789585,False,1.0,1.0,-160.14317383906075,-172.776214398902,-0.005278399698497832,-0.01303618782513438,0.0036679465676287917,False,-0.005670793918263861,-0.013928839106542834,0.0039852905125502235,False,0.843,0.8435,-52.78399698497832,-56.70793918263861
US,ML Logistic Base,Machine Learning,1.0,184,2011-04-30,2026-07-31,0.07616762157296857,0.07580198330966237,0.07599464054406328,0.07328002887725787,0.07580198330966126,-0.0584675689815954,True,-0.01678409837856895,-0.028614833481366335,-0.006488102562838653,False,-0.018102430113801304,-0.031194298108110245,-0.00687507960277022,False,1.0,1.0,-167.8409837856895,-181.02430113801304,-0.00604818069316071,-0.015420458117644354,0.0036870242747587397,False,-0.006495602592174965,-0.01649741901824709,0.003931345091469489,False,0.8695,0.8695,-60.481806931607096,-64.95602592174964
US,ML Logistic + VRP,Machine Learning,1.0,184,2011-04-30,2026-07-31,0.07516889190579001,0.07470542083561282,0.07634108644862538,0.07225491116571177,0.07470542083561171,-0.0587584426127306,True,-0.017809216090115057,-0.029609034315324266,-0.007402603633171519,False,-0.01919899258785085,-0.032157048202685494,-0.00783681034868754,False,1.0,1.0,-178.09216090115058,-191.9899258785085,-0.007073298404706815,-0.016831740391509618,0.002859308389305986,False,-0.00759216506622451,-0.017857542613715267,0.0030960191300185113,False,0.8995,0.9,-70.73298404706816,-75.9216506622451
US,ML Gradient Boosting + VRP,Machine Learning,1.0,184,2011-04-30,2026-07-31,0.0734371164749936,0.07245969149415843,0.08106758801055633,0.07015113956206895,0.07245969149415754,-0.0701706270392433,True,-0.019912987693757878,-0.0314608385585578,-0.008306866615112075,False,-0.021444721929305022,-0.034221197211080315,-0.009018625995906217,False,1.0,1.0,-199.12987693757879,-214.4472192930502,-0.009177070008349636,-0.020982926308397556,0.003388813140805759,False,-0.009837894407678682,-0.022319175381112055,0.0036960324181035216,False,0.9115,0.9115,-91.77070008349637,-98.37894407678682
US,ML Gradient Boosting Base,Machine Learning,1.0,184,2011-04-30,2026-07-31,0.07315875076394449,0.07220316702295437,0.08061750552527534,0.06990915966538558,0.07220316702295348,-0.061655237424829,True,-0.020154967590441247,-0.03201529770244281,-0.008625758850402862,False,-0.021701246400509078,-0.03458321397753909,-0.009274502636594469,False,1.0,1.0,-201.54967590441248,-217.01246400509078,-0.009419049905033006,-0.021059753241057286,0.003044826981921564,False,-0.010094418878882738,-0.02241099313902775,0.0033220560855737992,False,0.9215,0.9215,-94.19049905033006,-100.94418878882738
US,Synthetic Pure VRP Proxy,Exploratory Synthetic VRP,3.0,184,2011-04-30,2026-07-31,0.338597232447474,0.3874605634624442,0.11617938548609183,0.31835075802958507,0.36933540226854356,-0.0918682423644182,True,0.23677232883862978,0.18714861879451708,0.3004154578463359,True,0.28465948530062124,0.22067956078303028,0.37204962437782835,True,0.0,0.0,2367.723288386298,2846.5948530062124,0.24550819785758576,0.19468607502540883,0.3110196370722588,True,0.29402064125745797,0.22709825505578077,0.38379236590028576,True,0.0,0.0,2455.0819785758576,2940.2064125745796
US,Buy-and-Hold Equity,Benchmark,3.0,184,2011-04-30,2026-07-31,0.1413971124429101,0.13957373626488878,0.1420391373327036,0.11113443764158215,0.11675059827471168,-0.1248712409272528,True,0.029556008450626864,0.007262527024414478,0.051763145779963035,True,0.032074681306789365,0.007249461974684729,0.058156133049573504,True,0.009,0.01,295.56008450626865,320.74681306789364,0.03829187746958286,0.010760496192463715,0.0658147183746692,True,0.041435837263626096,0.01084636717821572,0.07392805654941374,True,0.0075,0.0075,382.91877469582863,414.358372636261
US,60/40,Benchmark,3.0,184,2011-04-30,2026-07-31,0.0943069762882626,0.09390441342346367,0.09211784878551788,0.08157842919095529,0.08467591696792232,-0.0770922486000828,True,0.0,0.0,0.0,False,0.0,0.0,0.0,False,1.0,1.0,0.0,0.0,0.008735869018955997,0.0034463233006482574,0.014118508811430858,True,0.00936115595683673,0.0035527838827773216,0.015577143458428505,True,0.002,0.002,87.35869018955997,93.61155956836731
US,RSM RV + Raw VRP,RSM,3.0,184,2011-04-30,2026-07-31,0.09727466115702856,0.09606406710339166,0.10254303721588261,0.08150204943484173,0.08475539399249765,-0.1009697131128694,True,-7.637975611356207e-05,-0.013631499373837392,0.01591534495002608,False,7.947702457533623e-05,-0.01476525144555409,0.017216253516137363,False,0.456,0.4495,-0.7637975611356207,0.7947702457533623,0.008659489262842435,-0.005619294649835141,0.02460105894808553,False,0.009440632981412067,-0.005954833464552316,0.02672783533343932,False,0.1025,0.1025,86.59489262842435,94.40632981412067
US,HMM RV + Log VRP (partial 0.25),HMM,3.0,184,2011-04-30,2026-07-31,0.08735290937556345,0.08693791820451047,0.08618566513601572,0.07621095606315728,0.07887646907793178,-0.0735418699342671,True,-0.005367473127798006,-0.017793576588291667,0.005810118019790624,False,-0.005799447889990539,-0.019335149246286022,0.006321520850771896,False,0.802,0.8025,-53.67473127798006,-57.99447889990539,0.003368395891157991,-0.009637547040666309,0.01661993557924233,False,0.003561708066846192,-0.010384304975793679,0.017963722933351262,False,0.2755,0.2795,33.68395891157991,35.617080668461924
US,HMM RV + Log VRP (full),HMM,3.0,184,2011-04-30,2026-07-31,0.08390789107335991,0.08356720525275096,0.08237110620085422,0.0737303923682313,0.07621481221728832,-0.0583794362721516,True,-0.007848036822723989,-0.023222694976185742,0.010834135632782326,False,-0.008461104750633996,-0.02489454641290581,0.011585364200485837,False,0.746,0.747,-78.4803682272399,-84.61104750633996,0.0008878321962320079,-0.01568432197524768,0.020220143007891583,False,0.0009000512062027344,-0.01682243713353144,0.02183317556376163,False,0.362,0.364,8.87832196232008,9.000512062027344
US,1/N Equity-Bond,Benchmark,3.0,184,2011-04-30,2026-07-31,0.08257103426962824,0.08229758590183689,0.08053352965330211,0.07284256017199929,0.07531476101108558,-0.0669755663537769,True,-0.008735869018955997,-0.014118508811430864,-0.0034463233006482626,False,-0.00936115595683673,-0.015577143458428505,-0.003552783882777325,False,0.998,0.998,-87.35869018955997,-93.61155956836731,0.0,0.0,0.0,False,0.0,0.0,0.0,False,1.0,1.0,0.0,0.0
US,ML Random Forest + VRP,Machine Learning,3.0,184,2011-04-30,2026-07-31,0.0786075999275768,0.07814033605342585,0.07930356286296256,0.06917401730343703,0.07135747574677231,-0.060390522340569,True,-0.012404411887518257,-0.019398604057719968,-0.004460420888337241,False,-0.013318441221150001,-0.02119632622032714,-0.004647888026514996,False,0.9995,0.999,-124.04411887518258,-133.18441221150002,-0.0036685428685622606,-0.010402866279631011,0.004358415550448179,False,-0.0039572852643132705,-0.011033372314306882,0.004675392274521754,False,0.761,0.7655,-36.685428685622604,-39.572852643132705
US,ML Random Forest Base,Machine Learning,3.0,184,2011-04-30,2026-07-31,0.07716715561633358,0.07662679198357236,0.07896006261918542,0.06781511838309506,0.06991130641046372,-0.0604311502587554,True,-0.013763310807860224,-0.021967179993784877,-0.005048199338626274,False,-0.01476461055745859,-0.02389373189037584,-0.005297449842407233,False,0.9995,0.9995,-137.63310807860225,-147.6461055745859,-0.005027441788904227,-0.012364523746978997,0.0037490953401268508,False,-0.00540345460062186,-0.013339755241779517,0.004015371385699425,False,0.8345,0.837,-50.27441788904227,-54.0345460062186
US,ML Logistic Base,Machine Learning,3.0,184,2011-04-30,2026-07-31,0.07616762157296857,0.07580198330966237,0.07599464054406328,0.06750484348583649,0.06958258372772042,-0.0584675689815954,True,-0.014073585705118796,-0.025156417570961775,-0.003974744017503826,False,-0.0150933332402019,-0.027080020673616412,-0.004170714489665866,False,0.998,0.998,-140.73585705118796,-150.933332402019,-0.0053377166861627995,-0.014066081826327903,0.00404617058506688,False,-0.00573217728336517,-0.015142130879166738,0.004363156876118294,False,0.84,0.841,-53.377166861628,-57.32177283365169
US,ML Logistic + VRP,Machine Learning,3.0,184,2011-04-30,2026-07-31,0.07516889190579001,0.07470542083561282,0.07634108644862538,0.06642694968555526,0.068430587511074,-0.0587584426127306,True,-0.015151479505400023,-0.026236768208429795,-0.005082519711985939,False,-0.016245329456848312,-0.0284097118769426,-0.00535009454252981,False,0.999,0.999,-151.51479505400022,-162.45329456848313,-0.006415610486444026,-0.015323748737220201,0.0030872451667275915,False,-0.006884173500011581,-0.01634691841940474,0.0033067354772128564,False,0.8815,0.884,-64.15610486444027,-68.84173500011582
US,ML Gradient Boosting + VRP,Machine Learning,3.0,184,2011-04-30,2026-07-31,0.0734371164749936,0.07245969149415843,0.08106758801055633,0.06357918573621965,0.06539200132940515,-0.0701706270392433,True,-0.017999243454735636,-0.02868462502871155,-0.0071357460117936885,False,-0.01928391563851717,-0.03079823155810648,-0.007612054872909641,False,1.0,1.0,-179.99243454735637,-192.8391563851717,-0.00926337443577964,-0.020767046604988043,0.0030422819190561038,False,-0.009922759681680438,-0.0219849815403171,0.003227470541819735,False,0.9215,0.9215,-92.63374435779639,-99.22759681680438
US,ML Gradient Boosting Base,Machine Learning,3.0,184,2011-04-30,2026-07-31,0.07315875076394449,0.07220316702295437,0.08061750552527534,0.06340997746826779,0.06522365786722784,-0.061655237424829,True,-0.018168451722687495,-0.029238179549914624,-0.007294078780436078,False,-0.01945225910069448,-0.031419346619381075,-0.007731663337592423,False,1.0,1.0,-181.68451722687496,-194.5225910069448,-0.009432582703731499,-0.020571937247567767,0.0029221059073621073,False,-0.01009110314385775,-0.021804754506905194,0.003142713294994758,False,0.93,0.93,-94.32582703731498,-100.9110314385775
US,Synthetic Pure VRP Proxy,Exploratory Synthetic VRP,5.0,184,2011-04-30,2026-07-31,0.338597232447474,0.3874605634624442,0.11617938548609183,0.3048531084176591,0.35088644951955517,-0.0918682423644182,True,0.23176037729157536,0.18273352873296425,0.2949519081032967,True,0.2755171851131597,0.2108255185229699,0.36291796670945403,True,0.0,0.0,2317.603772915754,2755.171851131597,0.2384961976440791,0.18664941516783293,0.3034754443483136,True,0.28261370344664516,0.21522659672080136,0.37221664404267624,True,0.0,0.0,2384.9619764407907,2826.1370344664515
US,Buy-and-Hold Equity,Benchmark,5.0,184,2011-04-30,2026-07-31,0.1413971124429101,0.13957373626488878,0.1420391373327036,0.09095932110736352,0.0937554790086561,-0.1248712409272528,True,0.017866589981279768,-0.007389115688395564,0.042159377936178966,False,0.018386214602260642,-0.009349139697580767,0.04646831242572593,False,0.0805,0.093,178.66589981279768,183.86214602260642,0.024602410333783506,-0.006156683694824804,0.05461233998364121,False,0.0254827329357461,-0.008243394130397552,0.06001776516060024,False,0.055,0.0655,246.02410333783507,254.827329357461
US,60/40,Benchmark,5.0,184,2011-04-30,2026-07-31,0.0943069762882626,0.09390441342346367,0.09211784878551788,0.07309273112608375,0.07536926440639546,-0.0770922486000828,True,0.0,0.0,0.0,False,0.0,0.0,0.0,False,1.0,1.0,0.0,0.0,0.006735820352503738,0.0010372806725972633,0.012423901620629995,True,0.007096518333485458,0.0009257068331389173,0.01339761203050153,True,0.0155,0.0155,67.35820352503738,70.96518333485457
US,RSM RV + Raw VRP,RSM,5.0,184,2011-04-30,2026-07-31,0.09727466115702856,0.09606406710339166,0.10254303721588261,0.07098697495338385,0.07345212547166557,-0.1009697131128694,True,-0.0021057561726998963,-0.016323976663722914,0.014286922899758503,False,-0.0019171389347298895,-0.017344316033810397,0.015686805712354306,False,0.567,0.55,-21.057561726998962,-19.171389347298895,0.004630064179803842,-0.011048090825588445,0.021284767565350814,False,0.005179379398755568,-0.011907105919997335,0.02339793343376274,False,0.2345,0.232,46.30064179803842,51.79379398755568
US,HMM RV + Log VRP (partial 0.25),HMM,5.0,184,2011-04-30,2026-07-31,0.08735290937556345,0.08693791820451047,0.08618566513601572,0.06878298718821985,0.0707270831808473,-0.0735418699342671,True,-0.004309743937863902,-0.016067583707371103,0.006976542823451465,False,-0.004642181225548159,-0.017415778334233377,0.007602747765426573,False,0.755,0.7545,-43.097439378639024,-46.42181225548158,0.0024260764146398356,-0.010362874047702962,0.015503646763471652,False,0.002454337107937299,-0.011205641211439998,0.016683022283032783,False,0.3295,0.3405,24.260764146398355,24.54337107937299
US,HMM RV + Log VRP (full),HMM,5.0,184,2011-04-30,2026-07-31,0.08390789107335991,0.08356720525275096,0.08237110620085422,0.06694539323147891,0.06877694406865587,-0.0583794362721516,True,-0.006147337894604837,-0.021600002051590524,0.012333533222161491,False,-0.006592320337739599,-0.02332593977177853,0.013175060059438677,False,0.685,0.6835,-61.47337894604837,-65.92320337739599,0.0005884824578989006,-0.016036551743148948,0.019879765923996314,False,0.0005041979957458587,-0.01698815765515837,0.0212823944995784,False,0.378,0.386,5.884824578989006,5.041979957458587
US,1/N Equity-Bond,Benchmark,5.0,184,2011-04-30,2026-07-31,0.08257103426962824,0.08229758590183689,0.08053352965330211,0.06635691077358001,0.06827274607291,-0.0669755663537769,True,-0.006735820352503738,-0.012423901620629996,-0.0010372806725972633,False,-0.007096518333485458,-0.013397612030501532,-0.0009257068331389188,False,0.9845,0.9845,-67.35820352503738,-70.96518333485457,0.0,0.0,0.0,False,0.0,0.0,0.0,False,1.0,1.0,0.0,0.0
US,ML Random Forest + VRP,Machine Learning,5.0,184,2011-04-30,2026-07-31,0.0786075999275768,0.07814033605342585,0.07930356286296256,0.06288496222067716,0.06449613613398597,-0.060390522340569,True,-0.010207768905406589,-0.017052790909945985,-0.0023006188417330916,False,-0.010873128272409494,-0.018483427655095926,-0.0022450478225506036,False,0.9955,0.9935,-102.07768905406589,-108.73128272409494,-0.003471948552902851,-0.009713969909837082,0.004273977933971447,False,-0.003776609938924036,-0.010453686818456704,0.004530153877828226,False,0.7495,0.7585,-34.71948552902851,-37.76609938924036
US,ML Logistic Base,Machine Learning,5.0,184,2011-04-30,2026-07-31,0.07616762157296857,0.07580198330966237,0.07599464054406328,0.06172965809441511,0.06328886563964797,-0.0584675689815954,True,-0.011363073031668641,-0.021808250114701427,-0.0014006262674944496,False,-0.012080398766747491,-0.023507364598149106,-0.0012837982193442915,False,0.987,0.986,-113.63073031668641,-120.80398766747491,-0.004627252679164903,-0.012699577177127858,0.0045113972834856155,False,-0.0049838804332620334,-0.013553827147323056,0.004736793698337725,False,0.8095,0.812,-46.272526791649035,-49.838804332620334
US,ML Random Forest Base,Machine Learning,5.0,184,2011-04-30,2026-07-31,0.07716715561633358,0.07662679198357236,0.07896006261918542,0.06158042689426939,0.06311927064174228,-0.0604311502587554,True,-0.01151230423181436,-0.019448331414993487,-0.00261125277190433,False,-0.012249993764653189,-0.02095412857223966,-0.002622871241411268,False,0.9945,0.993,-115.1230423181436,-122.49993764653189,-0.004776483879310622,-0.01198071987463819,0.0037754340501312223,False,-0.005153475431167731,-0.012771601516744242,0.003963516587283131,False,0.825,0.8305,-47.76483879310622,-51.53475431167731
US,ML Logistic + VRP,Machine Learning,5.0,184,2011-04-30,2026-07-31,0.07516889190579001,0.07470542083561282,0.07634108644862538,0.06059898820539878,0.06207744310657759,-0.0587584426127306,True,-0.012493742920684968,-0.022875924553922428,-0.0027271253413190984,False,-0.013291821299817874,-0.024648693543251072,-0.0026563263992253473,False,0.9955,0.994,-124.93742920684969,-132.91821299817875,-0.00575792256818123,-0.014042271944731323,0.0034931495358621555,False,-0.006195302966332417,-0.015015072699214243,0.0037266315936643414,False,0.8645,0.8665,-57.5792256818123,-61.953029663324166
US,ML Gradient Boosting + VRP,Machine Learning,5.0,184,2011-04-30,2026-07-31,0.0734371164749936,0.07245969149415843,0.08106758801055633,0.057007231910370354,0.05823343971517314,-0.0701706270392433,True,-0.016085499215713395,-0.025946403780005064,-0.005815324483703357,False,-0.017135824691222323,-0.02779153393046001,-0.006002238476317156,False,1.0,1.0,-160.85499215713395,-171.35824691222322,-0.009349678863209657,-0.02049108443933459,0.0025995367180609665,False,-0.010039306357736866,-0.02188640280655348,0.0028134199444814533,False,0.929,0.9275,-93.49678863209657,-100.39306357736865
US,ML Gradient Boosting Base,Machine Learning,5.0,184,2011-04-30,2026-07-31,0.07315875076394449,0.07220316702295437,0.08061750552527534,0.05691079527114998,0.05816226157186821,-0.061655237424829,True,-0.01618193585493377,-0.02663301735218765,-0.005595402790936185,False,-0.017207002834527252,-0.028528372208761706,-0.005708330180086074,False,0.9995,0.9995,-161.81935854933772,-172.07002834527253,-0.009446115502430033,-0.020393600214183665,0.002478836258152729,False,-0.010110484501041794,-0.02151094967673588,0.0026444980491340453,False,0.9355,0.9375,-94.46115502430033,-101.10484501041795
US,Synthetic Pure VRP Proxy,Exploratory Synthetic VRP,10.0,184,2011-04-30,2026-07-31,0.338597232447474,0.3874605634624442,0.11617938548609183,0.2711089843878443,0.30305533449361466,-0.0918682423644182,True,0.2192304984239394,0.166104900690124,0.2845434498575824,True,0.2513439313445578,0.1816654220005541,0.33940361891404913,True,0.0,0.0,2192.304984239394,2513.439313445578,0.22096619711031254,0.16693361022338984,0.2879952121305008,True,0.2526844701097457,0.1813423259051539,0.34435449357476305,True,0.0,0.0,2209.6619711031253,2526.844701097457
US,60/40,Benchmark,10.0,184,2011-04-30,2026-07-31,0.0943069762882626,0.09390441342346367,0.09211784878551788,0.0518784859639049,0.05171140314905687,-0.0770922486000828,True,0.0,0.0,0.0,False,0.0,0.0,0.0,False,1.0,1.0,0.0,0.0,0.0017356986863731327,-0.005339455911216677,0.008292078373679939,False,0.0013405387651879153,-0.00611757887889422,0.008689443303432309,False,0.2775,0.319,17.35698686373133,13.405387651879153
US,HMM RV + Log VRP (partial 0.25),HMM,10.0,184,2011-04-30,2026-07-31,0.08735290937556345,0.08693791820451047,0.08618566513601572,0.05021306500087626,0.04995792845311198,-0.0735418699342671,True,-0.0016654209630286437,-0.01299574623066213,0.009935002921908806,False,-0.00175347469594489,-0.01409103079499554,0.011178845842387352,False,0.61,0.6105,-16.654209630286438,-17.5347469594489,7.027772334448901e-05,-0.012688201971241944,0.013242205743414757,False,-0.00041293593075697466,-0.014615609655811069,0.013968214028868718,False,0.467,0.4915,0.7027772334448901,-4.129359307569747
US,1/N Equity-Bond,Benchmark,10.0,184,2011-04-30,2026-07-31,0.08257103426962824,0.08229758590183689,0.08053352965330211,0.05014278727753177,0.05037086438386895,-0.0669755663537769,True,-0.0017356986863731327,-0.008292078373679939,0.005339455911216676,False,-0.0013405387651879153,-0.008689443303432309,0.0061175788788942085,False,0.7225,0.681,-17.35698686373133,-13.405387651879153,0.0,0.0,0.0,False,0.0,0.0,0.0,False,1.0,1.0,0.0,0.0
US,HMM RV + Log VRP (full),HMM,10.0,184,2011-04-30,2026-07-31,0.08390789107335991,0.08356720525275096,0.08237110620085422,0.04998289538959788,0.04981801423108423,-0.0583794362721516,True,-0.0018955905743070212,-0.017691724782893353,0.01812608719439046,False,-0.0018933889179726382,-0.01942296706664822,0.019618933249434495,False,0.5175,0.5095,-18.95590574307021,-18.933889179726382,-0.00015989188793388842,-0.016418525954100757,0.019242666861868627,False,-0.0005528501527847229,-0.017849703688313984,0.02027550378104333,False,0.4205,0.437,-1.5989188793388842,-5.528501527847229
US,ML Logistic Base,Machine Learning,10.0,184,2011-04-30,2026-07-31,0.07616762157296857,0.07580198330966237,0.07599464054406328,0.047291694615861635,0.047236024558309,-0.0584675689815954,True,-0.004586791348043268,-0.014543283297833203,0.00663726376331115,False,-0.004475378590747869,-0.015473137553097682,0.007539713629430222,False,0.77,0.744,-45.86791348043268,-44.753785907478694,-0.002851092661670135,-0.010177302420103944,0.005828599989254906,False,-0.003134839825559954,-0.010946800452374983,0.006113096309929059,False,0.692,0.7015,-28.510926616701347,-31.34839825559954
US,ML Random Forest + VRP,Machine Learning,10.0,184,2011-04-30,2026-07-31,0.0786075999275768,0.07814033605342585,0.07930356286296256,0.047162324513777526,0.04700109681498299,-0.060390522340569,True,-0.004716161450127376,-0.011500405033083846,0.0038197009045709074,False,-0.004710306334073877,-0.012454122617241003,0.004576162253031262,False,0.8585,0.83,-47.16161450127376,-47.10306334073877,-0.0029804627637542436,-0.00853619955189511,0.0041844562244571105,False,-0.003369767568885962,-0.009264133147276477,0.004300181088792093,False,0.712,0.729,-29.804627637542435,-33.69767568885962
US,ML Logistic + VRP,Machine Learning,10.0,184,2011-04-30,2026-07-31,0.07516889190579001,0.07470542083561282,0.07634108644862538,0.04602908450500754,0.04585631358963238,-0.0587584426127306,True,-0.005849401458897362,-0.015499759838594852,0.004809565425127863,False,-0.005855089559424487,-0.016606042154290797,0.005499394161970222,False,0.8445,0.818,-58.49401458897362,-58.550895594244864,-0.004113702772524229,-0.011112796838848946,0.004532639600983516,False,-0.0045145507942365715,-0.012231853998408232,0.004782294120716275,False,0.789,0.8005,-41.13702772524229,-45.14550794236571
US,ML Random Forest Base,Machine Learning,10.0,184,2011-04-30,2026-07-31,0.07716715561633358,0.07662679198357236,0.07896006261918542,0.04599369817220518,0.045809937770497466,-0.0604311502587554,True,-0.005884787791699722,-0.014008937857207861,0.0037381004634516476,False,-0.005901465378559401,-0.01539394511736598,0.004611736907582742,False,0.882,0.8535,-58.84787791699722,-59.01465378559401,-0.004149089105326589,-0.010621127272655984,0.004040813192890979,False,-0.004560926613371485,-0.011536873373175754,0.00431454850140337,False,0.7915,0.806,-41.49089105326589,-45.609266133714854
US,RSM RV + Raw VRP,RSM,10.0,184,2011-04-30,2026-07-31,0.09727466115702856,0.09606406710339166,0.10254303721588261,0.04469928874973912,0.04499795573278487,-0.1009697131128694,True,-0.007179197214165781,-0.02334702164449459,0.010607906628778734,False,-0.006713447416272,-0.025217642835528166,0.013038188659009117,False,0.775,0.7235,-71.79197214165781,-67.13447416272001,-0.005443498527792648,-0.025001650419671714,0.013552188981094384,False,-0.005372908651084085,-0.026981033283019783,0.015691279581547174,False,0.6565,0.635,-54.43498527792648,-53.72908651084085
US,ML Gradient Boosting Base,Machine Learning,10.0,184,2011-04-30,2026-07-31,0.07315875076394449,0.07220316702295437,0.08061750552527534,0.040662839778355477,0.04015259347532818,-0.061655237424829,True,-0.011215646185549426,-0.02129001529468099,0.0001675062227931386,False,-0.011558809673728687,-0.02286362103264884,0.0008214005209330688,False,0.9725,0.9665,-112.15646185549426,-115.58809673728688,-0.009479947499176293,-0.01981091100200113,0.0021488520958310698,False,-0.010218270908540772,-0.021100669693164247,0.002338292311550252,False,0.94,0.942,-94.79947499176293,-102.18270908540772
US,ML Gradient Boosting + VRP,Machine Learning,10.0,184,2011-04-30,2026-07-31,0.0734371164749936,0.07245969149415843,0.08106758801055633,0.04057734734574711,0.039932703230385114,-0.0701706270392433,True,-0.011301138618157791,-0.01987452275720937,-0.001295285767091675,False,-0.011778699918671753,-0.021499737814310794,-0.0005666786790795576,False,0.985,0.981,-113.0113861815779,-117.78699918671754,-0.009565439931784658,-0.019943862472453826,0.0019043141123549526,False,-0.010438161153483838,-0.021808162349100695,0.002179511555501701,False,0.947,0.946,-95.65439931784658,-104.38161153483838
US,Buy-and-Hold Equity,Benchmark,10.0,184,2011-04-30,2026-07-31,0.1413971124429101,0.13957373626488878,0.1420391373327036,0.04052152977181693,0.035386535718612055,-0.1248712409272528,True,-0.011356956192087972,-0.04465310031526363,0.018915552107423905,False,-0.01632486743044481,-0.05136880208703412,0.018160137323039782,False,0.7035,0.776,-113.56956192087972,-163.24867430444812,-0.00962125750571484,-0.05022732753006279,0.027240511546843458,False,-0.014984328665256896,-0.057693951012796583,0.026677420868557,False,0.624,0.702,-96.21257505714838,-149.84328665256896
EU,Buy-and-Hold Equity,Benchmark,1.0,127,2015-09-30,2026-07-31,0.08493878995721423,0.06878760083265467,0.1834815858759378,0.06810604377943966,0.06878760083265512,-0.3396611105639215,True,0.022261494342274812,-0.011881994427676389,0.05909321906923031,False,0.022212658615144987,-0.0144290809497882,0.06634824613474409,False,0.098,0.121,222.61494342274813,222.12658615144986,0.028615526322686796,-0.013829912439303703,0.07439825854712778,False,0.028703271662401608,-0.01687470316720935,0.08277559625547104,False,0.0935,0.1105,286.155263226868,287.0327166240161
EU,60/40,Benchmark,1.0,127,2015-09-30,2026-07-31,0.05234626715352249,0.04657494221751057,0.11403260688380007,0.045844549437164844,0.04657494221751013,-0.2050293565963359,True,0.0,0.0,0.0,False,0.0,0.0,0.0,False,1.0,1.0,0.0,0.0,0.006354031980411984,-0.0018555347139002877,0.015245217548215395,False,0.0064906130472566215,-0.002148574666243061,0.016672289960179235,False,0.067,0.072,63.54031980411984,64.90613047256622
EU,1/N Equity-Bond,Benchmark,1.0,127,2015-09-30,2026-07-31,0.044240423235412614,0.0400843291702524,0.09746697675274178,0.03949051745675286,0.04008432917025351,-0.1713204064891022,True,-0.006354031980411984,-0.015245217548215399,0.0018555347139002864,False,-0.0064906130472566215,-0.016672289960179238,0.0021485746662430606,False,0.933,0.928,-63.54031980411984,-64.90613047256622,0.0,0.0,0.0,False,0.0,0.0,0.0,False,1.0,1.0,0.0,0.0
EU,ML Logistic Base,Machine Learning,1.0,127,2015-09-30,2026-07-31,0.041714808523471224,0.037687646055751145,0.09529547187309811,0.037174195043713006,0.03768764605575248,-0.1679538332291395,True,-0.008670354393451839,-0.024053478378993708,0.0036741943435528307,False,-0.008887296161757652,-0.025703680764465126,0.003904499055459559,False,0.933,0.9305,-86.7035439345184,-88.87296161757652,-0.002316322413039855,-0.011341963872725083,0.00497455173738937,False,-0.0023966831145010303,-0.011984594167914437,0.005220879287809837,False,0.765,0.7635,-23.16322413039855,-23.966831145010303
EU,RSM Returns Only,RSM,1.0,127,2015-09-30,2026-07-31,0.04413451032710495,0.034593715240892386,0.13711367213004963,0.03473443078461157,0.03459371524089261,-0.2685692858867345,True,-0.011110118652553277,-0.040423314293597655,0.012114741592464617,False,-0.01198122697661752,-0.04180809624599001,0.013188660936633095,False,0.774,0.7755,-111.10118652553277,-119.8122697661752,-0.004756086672141294,-0.03954810778104462,0.026198282180304282,False,-0.005490613929360899,-0.04054792251024457,0.02849508423540607,False,0.563,0.5755,-47.560866721412935,-54.90613929360899
EU,RSM RV,RSM,1.0,127,2015-09-30,2026-07-31,0.043753073484522335,0.03416650884988659,0.13729042999582272,0.03432874240030339,0.03416650884988681,-0.2691876640286391,True,-0.011515807036861454,-0.04129185839726179,0.014362205200376234,False,-0.012408433367623317,-0.04262879846215021,0.01565547235943059,False,0.7555,0.759,-115.15807036861455,-124.08433367623317,-0.0051617750564494705,-0.039851105850078075,0.02758430230059758,False,-0.005917820320366696,-0.042108624684507615,0.03043941046036707,False,0.558,0.57,-51.617750564494706,-59.17820320366695
EU,ML Logistic + VRP,Machine Learning,1.0,127,2015-09-30,2026-07-31,0.03791646565217735,0.0339554381894005,0.09356774081075912,0.03353900459196264,0.033955438189401166,-0.1589898345978767,True,-0.012305544845202201,-0.030963697030822752,0.0008448372021464759,False,-0.012619504028108963,-0.03260589984408734,0.0010988274878568124,False,0.9665,0.9645,-123.05544845202202,-126.19504028108963,-0.005951512864790218,-0.021549034963470905,0.004237721190643165,False,-0.006128890980852342,-0.022562090354010893,0.004385364264137879,False,0.8595,0.859,-59.51512864790217,-61.288909808523414
EU,ML Random Forest Base,Machine Learning,1.0,127,2015-09-30,2026-07-31,0.03615958746648293,0.03169021066512512,0.09785888208123823,0.03137140706538809,0.031690210665124896,-0.1676263542871623,True,-0.014473142371776757,-0.03014065446537216,-0.0026476553205647215,False,-0.014884731552385233,-0.03192306326691615,-0.002559051389107861,False,0.992,0.992,-144.73142371776757,-148.84731552385233,-0.008119110391364773,-0.01969708086642469,0.0005385395556775441,False,-0.008394118505128612,-0.020141724260521836,0.0005616931708098171,False,0.967,0.967,-81.19110391364772,-83.94118505128611
EU,ML Random Forest + VRP,Machine Learning,1.0,127,2015-09-30,2026-07-31,0.035121775752729595,0.030687099253590144,0.09720331547599505,0.030397533482966685,0.03068709925359059,-0.1684062644173783,True,-0.01544701595419816,-0.03159997744164773,-0.0033680279879307958,False,-0.01588784296391954,-0.033297031963727505,-0.0032844426373749235,False,0.9925,0.9915,-154.4701595419816,-158.87842963919542,-0.009092983973786176,-0.020721342550881674,-0.00026375891935355347,False,-0.00939722991666292,-0.021490311004290226,-0.0002934388550952677,False,0.978,0.978,-90.92983973786176,-93.9722991666292
EU,RSM RV + Log VRP,RSM,1.0,127,2015-09-30,2026-07-31,0.03853589038958427,0.028897314210667213,0.1365503269551993,0.029212894493798353,0.02889731421066677,-0.2695036658780776,True,-0.016631654943366492,-0.046253261322699885,0.00998665785686631,False,-0.01767762800684336,-0.047101919397206836,0.010896297011813594,False,0.8565,0.8585,-166.31654943366493,-176.7762800684336,-0.010277622962954508,-0.04558067373920641,0.02316144783408601,False,-0.011187014959586739,-0.04621552139206286,0.025117375434171883,False,0.6805,0.6875,-102.77622962954509,-111.87014959586739
EU,ML Gradient Boosting + VRP,Machine Learning,1.0,127,2015-09-30,2026-07-31,0.03368335306755564,0.029386934846727053,0.09605093384034932,0.029070462121754057,0.029386934846727053,-0.1447835395736022,True,-0.016774087315410788,-0.03727447598948297,-7.931710218619946e-05,False,-0.017188007370783076,-0.039058404266603605,0.0002235526240753177,False,0.976,0.971,-167.74087315410787,-171.88007370783077,-0.010420055334998804,-0.025615962566931834,0.003314369662218331,False,-0.010697394323526455,-0.02677499099681921,0.0035237054520226877,False,0.934,0.932,-104.20055334998804,-106.97394323526454
EU,ML Gradient Boosting Base,Machine Learning,1.0,127,2015-09-30,2026-07-31,0.030330634913030563,0.025566256421355682,0.09917737733556985,0.025412558825449565,0.02556625642135546,-0.1694959613633467,True,-0.02043199061171528,-0.041683000998057114,-0.005497046632514374,False,-0.02100868579615467,-0.043674636633896625,-0.005482031457393941,False,0.996,0.9955,-204.31990611715278,-210.08685796154668,-0.014077958631303296,-0.03202255713411909,-0.0008472906628000374,False,-0.014518072748898048,-0.03312591622460555,-0.0008912132898782677,False,0.9805,0.9805,-140.77958631303295,-145.18072748898047
EU,RSM RV + Raw VRP,RSM,1.0,127,2015-09-30,2026-07-31,0.026835911478866596,0.01928000762531279,0.12019910461074874,0.019611999104253736,0.01928000762531301,-0.2417441862111611,True,-0.02623255033291111,-0.05816281377749273,-0.001983991782059478,False,-0.027294934592197118,-0.05845349888863187,-0.0022169290119320893,False,0.9825,0.9825,-262.3255033291111,-272.9493459219712,-0.019878518352499125,-0.055072814399586424,0.008834506984438937,False,-0.020804321544940496,-0.05588552784044588,0.009294182332556772,False,0.899,0.9005,-198.78518352499125,-208.04321544940495
EU,HMM RV,HMM,1.0,127,2015-09-30,2026-07-31,0.01794383361330729,0.009633792334591273,0.12328945624404268,0.01034368860283143,0.009633792334592384,-0.2722396577881544,True,-0.03550086083433342,-0.07990625026024752,-0.008495115250170047,False,-0.036941149882917745,-0.0817091634832079,-0.00908072629178091,False,0.9935,0.9935,-355.0086083433342,-369.41149882917745,-0.02914682885392143,-0.0759749583677092,7.307281379152708e-05,False,-0.030450536835661124,-0.07705119842859304,9.117252566518429e-05,False,0.974,0.974,-291.4682885392143,-304.50536835661126
EU,HMM RV + Log VRP,HMM,1.0,127,2015-09-30,2026-07-31,0.015767317400836377,0.007459785421079612,0.12311239830449812,0.008188986092693683,0.007459785421080056,-0.2722430097675262,True,-0.03765556334447116,-0.08279862805690132,-0.009349239808015282,False,-0.03911515679643007,-0.08328038394983178,-0.009915852212086653,False,0.9975,0.9975,-376.55563344471165,-391.15156796430074,-0.03130153136405918,-0.07939073560866722,-0.0016486895717892857,False,-0.03262454374917345,-0.07970892439794622,-0.0017566265703342914,False,0.9815,0.9815,-313.0153136405918,-326.2454374917345
EU,Buy-and-Hold Equity,Benchmark,3.0,127,2015-09-30,2026-07-31,0.08493878995721423,0.06878760083265467,0.1834815858759378,0.03444055142389052,0.022931018685385496,-0.3396611105639215,True,0.0015994374194409702,-0.04452924400947871,0.04604001115502851,False,-0.008449686049232685,-0.06964856041617692,0.05152061418232902,False,0.432,0.547,15.994374194409703,-84.49686049232685,0.004449845524457166,-0.05140107213446356,0.05905228202728435,False,-0.006421760169953439,-0.07890240041040571,0.06553485481192818,False,0.3915,0.5195,44.49845524457166,-64.21760169953438
EU,60/40,Benchmark,3.0,127,2015-09-30,2026-07-31,0.05234626715352249,0.04657494221751057,0.11403260688380007,0.03284111400444955,0.03138070473461818,-0.2050293565963359,True,0.0,0.0,0.0,False,0.0,0.0,0.0,False,1.0,1.0,0.0,0.0,0.002850408105016196,-0.007153391408232491,0.012987070001446008,False,0.0020279258792792465,-0.009366069540470279,0.013988590183549532,False,0.246,0.3195,28.504081050161957,20.279258792792465
EU,1/N Equity-Bond,Benchmark,3.0,127,2015-09-30,2026-07-31,0.044240423235412614,0.0400843291702524,0.09746697675274178,0.029990705899433354,0.029352778855338935,-0.1713204064891022,True,-0.002850408105016196,-0.012987070001446012,0.007153391408232491,False,-0.0020279258792792465,-0.013988590183549542,0.009366069540470277,False,0.754,0.6805,-28.504081050161957,-20.279258792792465,0.0,0.0,0.0,False,0.0,0.0,0.0,False,1.0,1.0,0.0,0.0
EU,ML Logistic Base,Machine Learning,3.0,127,2015-09-30,2026-07-31,0.041714808523471224,0.037687646055751145,0.09529547187309811,0.028092968084196576,0.027442237703841244,-0.1679538332291395,True,-0.004748145920252973,-0.02014314850237059,0.008479208647296461,False,-0.003938467030776938,-0.021002269127626576,0.010368544061226505,False,0.795,0.7505,-47.481459202529734,-39.384670307769376,-0.0018977378152367774,-0.010377513594088094,0.00516343249828007,False,-0.001910541151497691,-0.01075410070529934,0.005429187103937221,False,0.7465,0.744,-18.977378152367773,-19.10541151497691
EU,ML Logistic + VRP,Machine Learning,3.0,127,2015-09-30,2026-07-31,0.03791646565217735,0.0339554381894005,0.09356774081075912,0.024784082471533245,0.024218794530349808,-0.1589898345978767,True,-0.008057031532916304,-0.024953172382284974,0.004821997005719634,False,-0.0071619102042683735,-0.025749040643558308,0.006757370177456879,False,0.8955,0.852,-80.57031532916304,-71.61910204268374,-0.005206623427900108,-0.01962913831660136,0.004144292636525569,False,-0.005133984324989127,-0.019332866946392333,0.004427087692460089,False,0.855,0.851,-52.06623427900108,-51.339843249891274
EU,ML Random Forest Base,Machine Learning,3.0,127,2015-09-30,2026-07-31,0.03615958746648293,0.03169021066512512,0.09785888208123823,0.021795046263198396,0.020941590203626737,-0.1676263542871623,True,-0.011046067741251154,-0.026272190480425395,0.0010729028747890072,False,-0.010439114530991445,-0.027359823456269527,0.0032531853186761987,False,0.9605,0.929,-110.46067741251154,-104.39114530991445,-0.008195659636234958,-0.018617956986124326,-0.00043094767379423925,False,-0.008411188651712198,-0.01898195929854849,-0.00037118533133828873,False,0.978,0.978,-81.95659636234959,-84.11188651712197
EU,ML Random Forest + VRP,Machine Learning,3.0,127,2015-09-30,2026-07-31,0.035121775752729595,0.030687099253590144,0.09720331547599505,0.020949048943440865,0.02007306979557799,-0.1684062644173783,True,-0.011892065061008684,-0.027552870846827164,0.0006238860660683234,False,-0.01130763493904019,-0.02875630086369347,0.00267259564377283,False,0.967,0.9415,-118.92065061008684,-113.0763493904019,-0.009041656955992489,-0.019453015321947133,-0.0006725625711246613,False,-0.009279709059760943,-0.01985371991762323,-0.0006904836410224225,False,0.983,0.9825,-90.41656955992488,-92.79709059760944
EU,ML Gradient Boosting + VRP,Machine Learning,3.0,127,2015-09-30,2026-07-31,0.03368335306755564,0.029386934846727053,0.09605093384034932,0.0198446802301509,0.019379688055799482,-0.1447835395736022,True,-0.012996433774298651,-0.03306986813085123,0.006198965698214944,False,-0.012001016678818699,-0.034530435086199344,0.009860295894303518,False,0.9,0.863,-129.96433774298652,-120.010166788187,-0.010146025669282455,-0.024701603003929484,0.00343681148930929,False,-0.009973090799539452,-0.02506369058208478,0.004291724641194974,False,0.921,0.9035,-101.46025669282456,-99.73090799539452
EU,RSM Returns Only,RSM,3.0,127,2015-09-30,2026-07-31,0.04413451032710495,0.034593715240892386,0.13711367213004963,0.015934271699624816,0.010758059223864302,-0.2685692858867345,True,-0.016906842304824733,-0.05093540374397583,0.008969113574393823,False,-0.02062264551075388,-0.05951246120783991,0.009695721340285264,False,0.8535,0.8625,-169.06842304824733,-206.22645510753878,-0.014056434199808537,-0.05604947469628233,0.02094489467395042,False,-0.018594719631474632,-0.06651686151992012,0.02265161204603081,False,0.7365,0.7515,-140.56434199808538,-185.94719631474632
EU,ML Gradient Boosting Base,Machine Learning,3.0,127,2015-09-30,2026-07-31,0.030330634913030563,0.025566256421355682,0.09917737733556985,0.015576406650287557,0.014566677524491034,-0.1694959613633467,True,-0.017264707354161992,-0.0368930782692483,-0.0028616951795573447,False,-0.016814027210127147,-0.03791831343866388,-0.001984857743352004,False,0.991,0.9855,-172.64707354161993,-168.14027210127148,-0.014414299249145796,-0.031350964971636794,-0.0020057164448055663,False,-0.0147861013308479,-0.03204107334849167,-0.002090296094052997,False,0.9895,0.9895,-144.14299249145796,-147.86101330847902
EU,RSM RV,RSM,3.0,127,2015-09-30,2026-07-31,0.043753073484522335,0.03416650884988659,0.13729042999582272,0.015480080231865489,0.010242642752543274,-0.2691876640286391,True,-0.01736103377258406,-0.05155358468258929,0.011042529062766128,False,-0.021138061982074907,-0.059586709680478786,0.011942130927071895,False,0.8415,0.851,-173.6103377258406,-211.38061982074908,-0.014510625667567865,-0.0572090540907014,0.022892603320357422,False,-0.01911013610279566,-0.06641892560413096,0.024595430967773908,False,0.7205,0.7465,-145.10625667567865,-191.1013610279566
EU,RSM RV + Log VRP,RSM,3.0,127,2015-09-30,2026-07-31,0.03853589038958427,0.028897314210667213,0.1365503269551993,0.010566902702226523,0.0052765811977300014,-0.2695036658780776,True,-0.022274211302223026,-0.05558099296432466,0.006912266293922564,False,-0.02610412353688818,-0.0636147489233233,0.00731518850119354,False,0.919,0.922,-222.74211302223026,-261.0412353688818,-0.01942380319720683,-0.061917878368011166,0.017992099589447794,False,-0.024076197657608933,-0.07104376877565942,0.019456142239783192,False,0.8,0.81,-194.2380319720683,-240.76197657608932
EU,RSM RV + Raw VRP,RSM,3.0,127,2015-09-30,2026-07-31,0.026835911478866596,0.01928000762531279,0.12019910461074874,0.005164174355028017,0.001440564098022401,-0.2417441862111611,True,-0.02767693964942153,-0.060918401096454786,-0.0030224495571203806,False,-0.02994014063659578,-0.06299876618328953,-0.003360906449521206,False,0.988,0.9885,-276.7693964942153,-299.4014063659578,-0.024826531544405336,-0.06403410121348188,0.006558012136524405,False,-0.027912214757316534,-0.06888754012188747,0.006654867847640917,False,0.9285,0.933,-248.26531544405336,-279.1221475731653
EU,HMM RV,HMM,3.0,127,2015-09-30,2026-07-31,0.01794383361330729,0.009633792334591273,0.12328945624404268,-0.004856601418120287,-0.01041031260372427,-0.2722396577881544,True,-0.03769771542256983,-0.08599872058261372,-0.009023713211407939,False,-0.04179101733834245,-0.09287433486601246,-0.009520726551440048,False,0.9965,0.9965,-376.9771542256983,-417.91017338342454,-0.034847307317553644,-0.08913304095227605,-0.0024312772685034507,False,-0.039763091459063205,-0.09823251186194373,-0.002715928775034101,False,0.9835,0.9835,-348.47307317553646,-397.6309145906321
EU,HMM RV + Log VRP,HMM,3.0,127,2015-09-30,2026-07-31,0.015767317400836377,0.007459785421079612,0.12311239830449812,-0.006967676523591707,-0.012507825419145524,-0.2722430097675262,True,-0.03980879052804126,-0.088853834390698,-0.01059800465999014,False,-0.043888530153763705,-0.09545007301691406,-0.01132531327606033,False,0.999,0.999,-398.0879052804126,-438.8853015376371,-0.03695838242302506,-0.0917347197924291,-0.004027196289462031,False,-0.04186060427448446,-0.10061052971007223,-0.004382716657119188,False,0.9885,0.989,-369.58382423025057,-418.60604274484456
EU,1/N Equity-Bond,Benchmark,5.0,127,2015-09-30,2026-07-31,0.044240423235412614,0.0400843291702524,0.09746697675274178,0.020490894342113843,0.017605994557718274,-0.1713204064891022,True,0.0006532157703795817,-0.010928829240661972,0.012697675003396292,False,0.0033701008541511257,-0.01188183430801687,0.020153434946129454,False,0.507,0.399,6.532157703795817,33.70100854151126,0.0,0.0,0.0,False,0.0,0.0,0.0,False,1.0,1.0,0.0,0.0
EU,60/40,Benchmark,5.0,127,2015-09-30,2026-07-31,0.05234626715352249,0.04657494221751057,0.11403260688380007,0.01983767857173426,0.014235893703567148,-0.2050293565963359,True,0.0,0.0,0.0,False,0.0,0.0,0.0,False,1.0,1.0,0.0,0.0,-0.0006532157703795817,-0.012697675003396308,0.010928829240661964,False,-0.0033701008541511257,-0.020153434946129464,0.011881834308016866,False,0.493,0.601,-6.532157703795817,-33.70100854151126
EU,ML Logistic Base,Machine Learning,5.0,127,2015-09-30,2026-07-31,0.041714808523471224,0.037687646055751145,0.09529547187309811,0.01901174112468014,0.016241155660395634,-0.1679538332291395,True,-0.0008259374470541217,-0.01695922434450732,0.01389295733075671,False,0.0020052619568284857,-0.017885722076773185,0.020592963875828263,False,0.607,0.4835,-8.259374470541218,20.052619568284857,-0.0014791532174337034,-0.009553335836002553,0.005381152181552668,False,-0.00136483889732264,-0.009744851182036284,0.005593178599167351,False,0.7195,0.7015,-14.791532174337034,-13.6483889732264
EU,ML Logistic + VRP,Machine Learning,5.0,127,2015-09-30,2026-07-31,0.03791646565217735,0.0339554381894005,0.09356774081075912,0.016029160351103848,0.0136956775378001,-0.1589898345978767,True,-0.0038085182206304136,-0.02072137879276549,0.01032654979459164,False,-0.000540216165767049,-0.020541004488161284,0.017653851338473987,False,0.747,0.5875,-38.08518220630413,-5.40216165767049,-0.004461733991009995,-0.01702553244505751,0.0043238542455866155,False,-0.003910317019918175,-0.016427316044425412,0.005068462043568307,False,0.842,0.8195,-44.61733991009995,-39.10317019918175
EU,ML Random Forest Base,Machine Learning,5.0,127,2015-09-30,2026-07-31,0.03615958746648293,0.03169021066512512,0.09785888208123823,0.012218685461008705,0.009214547324895905,-0.1676263542871623,True,-0.0076189931107255564,-0.022947999699859285,0.006262000137740334,False,-0.005021346378671243,-0.024111532237809048,0.013842941097451829,False,0.8705,0.7455,-76.18993110725556,-50.21346378671243,-0.008272208881105138,-0.01754285839996851,-0.0009907619233313594,False,-0.008391447232822369,-0.017892253232627005,-0.0007410961173872074,False,0.9815,0.982,-82.72208881105138,-83.9144723282237
EU,ML Random Forest + VRP,Machine Learning,5.0,127,2015-09-30,2026-07-31,0.035121775752729595,0.030687099253590144,0.09720331547599505,0.011500564403915045,0.008472071746225218,-0.1684062644173783,True,-0.008337114167819216,-0.02373083752492919,0.005971306079381734,False,-0.00576382195734193,-0.02482052988052864,0.013315979261940437,False,0.884,0.764,-83.37114167819216,-57.638219573419306,-0.008990329938198798,-0.0183652586739299,-0.0011747980073217481,False,-0.009133922811493056,-0.018838875148416524,-0.0010166621640613606,False,0.986,0.9855,-89.90329938198798,-91.33922811493056
EU,ML Gradient Boosting + VRP,Machine Learning,5.0,127,2015-09-30,2026-07-31,0.03368335306755564,0.029386934846727053,0.09605093384034932,0.010618898338547733,0.008796095212578958,-0.1447835395736022,True,-0.009218780233186528,-0.029716108265742544,0.013421236614531807,False,-0.00543979849098819,-0.03143476928032327,0.024231003511977905,False,0.811,0.672,-92.18780233186529,-54.3979849098819,-0.00987199600356611,-0.023896570034012504,0.004223142327433334,False,-0.008809899345139316,-0.02420550050255462,0.007329721325826411,False,0.903,0.858,-98.7199600356611,-88.09899345139316
EU,ML Gradient Boosting Base,Machine Learning,5.0,127,2015-09-30,2026-07-31,0.030330634913030563,0.025566256421355682,0.09917737733556985,0.0057402544751255485,0.00255357845760229,-0.1694959613633467,True,-0.014097424096608713,-0.03295725615202743,0.00013539229898633736,False,-0.011682315245964858,-0.03356216475170979,0.0063240015497770755,False,0.9735,0.897,-140.97424096608714,-116.82315245964858,-0.014750639866988295,-0.030181470406169017,-0.0030287245324810263,False,-0.015052416100115984,-0.030822005024372334,-0.003107472724349293,False,0.994,0.9945,-147.50639866988294,-150.52416100115983
EU,Buy-and-Hold Equity,Benchmark,5.0,127,2015-09-30,2026-07-31,0.08493878995721423,0.06878760083265467,0.1834815858759378,0.0007750590683413827,-0.03743632201261504,-0.3396611105639215,True,-0.01906261950339288,-0.08048109046663104,0.03380891367644384,False,-0.05167221571618219,-0.15259735869648766,0.037877512619661526,False,0.6975,0.7405,-190.62619503392878,-516.7221571618219,-0.01971583527377246,-0.09318854198632394,0.044407530406456126,False,-0.055042316570333316,-0.17288015192556647,0.04989612640155304,False,0.6655,0.725,-197.1583527377246,-550.4231657033332
EU,RSM Returns Only,RSM,5.0,127,2015-09-30,2026-07-31,0.04413451032710495,0.034593715240892386,0.13711367213004963,-0.0028658873853619343,-0.01867626010387402,-0.2685692858867345,True,-0.022703565957096196,-0.06178278219034474,0.005909778028951923,False,-0.03291215380744117,-0.08388696600448309,0.006354291412730544,False,0.9155,0.9195,-227.03565957096197,-329.1215380744117,-0.023356781727475778,-0.07398049988300882,0.015836579369721715,False,-0.036282254661592295,-0.1027019914821895,0.016781753416869244,False,0.8235,0.8325,-233.56781727475777,-362.82254661592293
EU,RSM RV,RSM,5.0,127,2015-09-30,2026-07-31,0.043753073484522335,0.03416650884988659,0.13729042999582272,-0.003368581936572402,-0.019329482216472016,-0.2691876640286391,True,-0.023206260508306664,-0.06258738964938798,0.007962891794643122,False,-0.033565375920039164,-0.08518463049822896,0.008440386560083571,False,0.9025,0.906,-232.06260508306664,-335.6537592003916,-0.023859476278686245,-0.07423168557376361,0.017564737578528052,False,-0.03693547677419029,-0.10439915816843061,0.019137169711979124,False,0.812,0.83,-238.59476278686245,-369.3547677419029
EU,RSM RV + Log VRP,RSM,5.0,127,2015-09-30,2026-07-31,0.03853589038958427,0.028897314210667213,0.1365503269551993,-0.00807908908934531,-0.023979353827775163,-0.2695036658780776,True,-0.02791676766107957,-0.06635020664837173,0.0038388187938066683,False,-0.03821524753134231,-0.08960683843143229,0.003995943305796903,False,0.9495,0.951,-279.1676766107957,-382.1524753134231,-0.028569983431459153,-0.0787580747522722,0.012953572138942488,False,-0.04158534838549344,-0.10855768846810983,0.014105584025128024,False,0.874,0.8795,-285.69983431459156,-415.8534838549344
EU,RSM RV + Raw VRP,RSM,5.0,127,2015-09-30,2026-07-31,0.026835911478866596,0.01928000762531279,0.12019910461074874,-0.0092836503941977,-0.020127449598469127,-0.2417441862111611,True,-0.02912132896593196,-0.06349616077422389,-0.0037072725054050413,False,-0.034363343302036276,-0.07100848739760138,-0.004619151174704079,False,0.9925,0.9935,-291.2132896593196,-343.63343302036276,-0.029774544736311543,-0.0724793241986423,0.004245008367661137,False,-0.0377334441561874,-0.08873850155261932,0.003971963522078669,False,0.949,0.9505,-297.74544736311543,-377.33444156187403
EU,HMM RV,HMM,5.0,127,2015-09-30,2026-07-31,0.01794383361330729,0.009633792334591273,0.12328945624404268,-0.020056891439072,-0.03640297381274171,-0.2722396577881544,True,-0.03989457001080626,-0.09289412084220153,-0.009474730364681046,False,-0.05063886751630886,-0.11489997763411844,-0.010116081567530008,False,0.996,0.9965,-398.9457001080626,-506.38867516308864,-0.04054778578118584,-0.1022999658708335,-0.00440390412975766,False,-0.05400896837045999,-0.13144658597647835,-0.00480125966698094,False,0.989,0.989,-405.4778578118584,-540.0896837045999
EU,HMM RV + Log VRP,HMM,5.0,127,2015-09-30,2026-07-31,0.015767317400836377,0.007459785421079612,0.12311239830449812,-0.022124339139877096,-0.03841244056414217,-0.2722430097675262,True,-0.04196201771161136,-0.09519079566246275,-0.011707549270595065,False,-0.05264833426770932,-0.11675191203277442,-0.012380516392769781,False,0.998,0.9985,-419.62017711611355,-526.4833426770932,-0.042615233481990936,-0.10516737949437562,-0.006185026937845621,False,-0.056018435121860444,-0.13247769482122784,-0.0065187639048029,False,0.9945,0.994,-426.15233481990936,-560.1843512186044
EU,1/N Equity-Bond,Benchmark,10.0,127,2015-09-30,2026-07-31,0.044240423235412614,0.0400843291702524,0.09746697675274178,-0.0032586345511849257,-0.01840409887319805,-0.1713204064891022,True,0.00941227545886904,-0.005771251772386399,0.02906274712850117,False,0.024009562062536793,-0.0066185670368979375,0.06129693730040184,False,0.175,0.179,94.1227545886904,240.09562062536793,0.0,0.0,0.0,False,0.0,0.0,0.0,False,1.0,1.0,0.0,0.0
EU,ML Logistic Base,Machine Learning,10.0,127,2015-09-30,2026-07-31,0.041714808523471224,0.037687646055751145,0.09529547187309811,-0.0036913262741109475,-0.017890432052772076,-0.1679538332291395,True,0.008979583735943018,-0.01069947880645073,0.03061186839602556,False,0.024523228882962766,-0.012310784964731319,0.06625386740853392,False,0.2495,0.221,89.79583735943018,245.23228882962766,-0.0004326917229260218,-0.00853115229677956,0.006401191366013806,False,0.0005136668204259731,-0.008476886001502332,0.007385086177134373,False,0.6135,0.5245,-4.326917229260218,5.136668204259731
EU,ML Logistic + VRP,Machine Learning,10.0,127,2015-09-30,2026-07-31,0.03791646565217735,0.0339554381894005,0.09356774081075912,-0.0058581449499696524,-0.017514588379776375,-0.1589898345978767,True,0.006812765060084313,-0.012694929818179915,0.027720623508972562,False,0.024899072555958468,-0.014291259078957619,0.07121078666395851,False,0.3195,0.2575,68.12765060084313,248.9907255595847,-0.002599510398784727,-0.01284488091374146,0.005607998332545737,False,0.0008895104934216747,-0.011418093549130376,0.011911189257993712,False,0.7635,0.4965,-25.99510398784727,8.895104934216747
EU,ML Random Forest Base,Machine Learning,10.0,127,2015-09-30,2026-07-31,0.03615958746648293,0.03169021066512512,0.09785888208123823,-0.011722216544465522,-0.026236570568563655,-0.1676263542871623,True,0.0009486934655884433,-0.016483066780529673,0.021871872467570764,False,0.016177090367171187,-0.018536313439999556,0.0587311092330562,False,0.539,0.3435,9.486934655884433,161.77090367171186,-0.008463581993280596,-0.0165737114578836,-0.0016006654087635504,False,-0.007832471695365606,-0.017069322687542996,-0.0001244624014641514,False,0.9925,0.976,-84.63581993280596,-78.32471695365606
EU,ML Random Forest + VRP,Machine Learning,10.0,127,2015-09-30,2026-07-31,0.035121775752729595,0.030687099253590144,0.09720331547599505,-0.012120646944899501,-0.026748902630131743,-0.1684062644173783,True,0.0005502630651544639,-0.01683608036995898,0.021102480643135347,False,0.0156647583056031,-0.0191699708161606,0.058296209405493515,False,0.544,0.342,5.5026306515446395,156.64758305603098,-0.008862012393714576,-0.016414671100769315,-0.0019187727515947808,False,-0.008344803756933694,-0.01673220660917389,-0.0011145694592621877,False,0.9935,0.985,-88.62012393714575,-83.44803756933695
EU,ML Gradient Boosting + VRP,Machine Learning,10.0,127,2015-09-30,2026-07-31,0.03368335306755564,0.029386934846727053,0.09605093384034932,-0.012445556390460175,-0.02105996011103406,-0.1447835395736022,True,0.00022535361959379052,-0.024190970453851372,0.03482071389188218,False,0.021353700824700783,-0.026894072634995946,0.0879600325935775,False,0.535,0.3455,2.2535361959379054,213.53700824700783,-0.009186921839275249,-0.024081122126231768,0.008197501218032994,False,-0.0026558612378360102,-0.025418097112596107,0.02655302769755763,False,0.8445,0.6055,-91.86921839275249,-26.558612378360102
EU,60/40,Benchmark,10.0,127,2015-09-30,2026-07-31,0.05234626715352249,0.04657494221751057,0.11403260688380007,-0.012670910010053965,-0.04241366093573484,-0.2050293565963359,True,0.0,0.0,0.0,False,0.0,0.0,0.0,False,1.0,1.0,0.0,0.0,-0.00941227545886904,-0.02906274712850119,0.005771251772386396,False,-0.024009562062536793,-0.06129693730040184,0.006618567036897936,False,0.825,0.821,-94.1227545886904,-240.09562062536793
EU,ML Gradient Boosting Base,Machine Learning,10.0,127,2015-09-30,2026-07-31,0.030330634913030563,0.025566256421355682,0.09917737733556985,-0.01885012596277947,-0.033831570157318636,-0.1694959613633467,True,-0.0061792159527255044,-0.025175641253357302,0.01296417894231734,False,0.008582090778416207,-0.02760976944180754,0.05017569926576472,False,0.786,0.4,-61.792159527255045,85.82090778416207,-0.015591491411594544,-0.02918660325587651,-0.005230480389128689,False,-0.015427471284120586,-0.028747497223389415,-0.005135986066769261,False,0.998,0.9985,-155.91491411594544,-154.27471284120585
EU,RSM RV + Raw VRP,RSM,10.0,127,2015-09-30,2026-07-31,0.026835911478866596,0.01928000762531279,0.12019910461074874,-0.045403212267261996,-0.10165078739563038,-0.2417441862111611,True,-0.03273230225720803,-0.07020732855462432,-0.005703865454716505,False,-0.05923712645989554,-0.11604669632082186,-0.0074014722733558224,False,0.997,0.998,-327.32302257208033,-592.3712645989553,-0.04214457771607707,-0.09751437791904234,-0.0017272158159593954,False,-0.08324668852243233,-0.17648699613196506,-0.003173520233849636,False,0.9835,0.988,-421.44577716077066,-832.4668852243233
EU,RSM Returns Only,RSM,10.0,127,2015-09-30,2026-07-31,0.04413451032710495,0.034593715240892386,0.13711367213004963,-0.04986628509782882,-0.13603483678651462,-0.2685692858867345,True,-0.03719537508777485,-0.08798867413960705,-0.0014121298294576558,False,-0.09362117585077978,-0.19119166424429965,-0.0024049731241132574,False,0.9805,0.9835,-371.9537508777485,-936.2117585077978,-0.04660765054664389,-0.11756133856258293,0.0036644310989728535,False,-0.11763073791331657,-0.25128990494671577,0.003973237159136651,False,0.959,0.9595,-466.0765054664389,-1176.3073791331658
EU,RSM RV,RSM,10.0,127,2015-09-30,2026-07-31,0.043753073484522335,0.03416650884988659,0.13729042999582272,-0.05049023735766714,-0.1374237687249258,-0.2691876640286391,True,-0.037819327347613174,-0.08935091507097621,0.0008086731145884298,False,-0.09501010778919095,-0.19255155832793705,0.00033895381643251845,False,0.972,0.973,-378.19327347613176,-950.1010778919094,-0.04723160280648221,-0.11776954673643625,0.006302628488754446,False,-0.11901966985172774,-0.25323454671218254,0.007144548280519354,False,0.9515,0.954,-472.3160280648221,-1190.1966985172774
EU,RSM RV + Log VRP,RSM,10.0,127,2015-09-30,2026-07-31,0.03853589038958427,0.028897314210667213,0.1365503269551993,-0.054694068568274884,-0.1412021916161128,-0.2695036658780776,True,-0.04202315855822092,-0.09329943378742787,-0.0038507002772543097,False,-0.09878853068037796,-0.1962121821646865,-0.004730027393614481,False,0.988,0.988,-420.23158558220916,-987.8853068037796,-0.05143543401708996,-0.121828027732492,0.0006445206508414416,False,-0.12279809274291476,-0.2564124707093935,0.0005082575811286224,False,0.971,0.973,-514.3543401708996,-1227.9809274291476
EU,HMM RV,HMM,10.0,127,2015-09-30,2026-07-31,0.01794383361330729,0.009633792334591273,0.12328945624404268,-0.05805761649145129,-0.14843433781571658,-0.2722396577881544,True,-0.045386706481397324,-0.10932659359967062,-0.010709106537690243,False,-0.10602067687998173,-0.21489233594000992,-0.011997484987518292,False,0.998,0.9985,-453.86706481397323,-1060.2067687998174,-0.05479898194026636,-0.1351237601929371,-0.009408575698999394,False,-0.13003023894251853,-0.274271023193002,-0.010514794730987917,False,0.998,0.998,-547.9898194026637,-1300.3023894251853
EU,HMM RV + Log VRP,HMM,10.0,127,2015-09-30,2026-07-31,0.015767317400836377,0.007459785421079612,0.12311239830449812,-0.060015995680590566,-0.15007989025724489,-0.2722430097675262,True,-0.0473450856705366,-0.11196577814936857,-0.011878903533088623,False,-0.10766622932151004,-0.21568936005251665,-0.013339659192636055,False,0.999,0.9995,-473.450856705366,-1076.6622932151004,-0.05675736112940564,-0.1372913738201598,-0.011402616383853592,False,-0.13167579138404684,-0.27458481736476065,-0.012412576119381076,False,0.999,0.999,-567.5736112940564,-1316.7579138404683
EU,Buy-and-Hold Equity,Benchmark,10.0,127,2015-09-30,2026-07-31,0.08493878995721423,0.06878760083265467,0.1834815858759378,-0.08338867182053146,-0.3063399981507362,-0.3396611105639215,True,-0.0707177618104775,-0.17688986907193643,0.004394094269013554,False,-0.26392633721500136,-0.45506830340349513,0.008286528477455474,False,0.9615,0.9545,-707.177618104775,-2639.2633721500138,-0.08013003726934653,-0.20513947465914073,0.009623324137250734,False,-0.28793589927753815,-0.5153706528262192,0.014658900062767493,False,0.9465,0.9405,-801.3003726934653,-2879.3589927753815
