Market,Dimension,Parameter Label,Parameter Value,Strategy,Ann. Return,Ann. Vol,Sharpe,Sortino,Max Drawdown,Calmar,VaR 95,CVaR 95,Avg Turnover,Obs,Gamma,MV CEQ Ann.,CRRA CE Ann.,Delta MV CEQ vs 60/40,Delta MV CEQ vs 1/N,Welfare Obs,Welfare Start,Welfare End,Common Obs,Common Start,Common End,Target Ann. Vol,Realized / Target Vol
US,Volatility Lookback,12 months,12.0,Direct Short Variance 5% Vol,0.10634658328603797,0.11146012376016852,0.9699481305197166,1.21117741499347,-0.22810376288728906,0.4662202058393315,-0.020715433948502816,-0.09881967555535276,0.036915857642891806,220.0,5.0,0.07705214069709149,0.07081392618566085,0.01588772485225081,0.019494332713929044,220,2008-04-30,2026-07-31,220,2008-04-30,2026-07-31,0.05,2.2292024752033703
US,Volatility Lookback,12 months,12.0,Direct Short Variance 10% Vol,0.20431011974256208,0.22292024752033704,0.9699481305197166,1.21117741499347,-0.44840450483408656,0.4556379731692449,-0.04143086789700563,-0.19763935111070552,0.07383171528578361,220.0,5.0,0.09198748545102256,-0.011610116855913732,0.030823069606181884,0.03442967746786012,220,2008-04-30,2026-07-31,220,2008-04-30,2026-07-31,0.1,2.2292024752033703
US,Volatility Lookback,12 months,12.0,Direct Short Variance 10% Vol (VRP > 0),0.1813501299535003,0.21935403817154817,0.892857314622243,1.109367545302061,-0.46718864375971847,0.38817324088633276,-0.03653983132398862,-0.19182054179100172,0.0660303722816579,220.0,5.0,0.07556137231798096,-0.02609514741756569,0.014396956473140286,0.01800356433481852,220,2008-04-30,2026-07-31,220,2008-04-30,2026-07-31,0.1,2.1935403817154815
US,Volatility Lookback,12 months,12.0,Direct Short Variance 10% Vol (High VRP),0.08100746625759725,0.1615119908367543,0.5780370331583381,0.7187353099855894,-0.5068747946996663,0.15981750740948922,-0.009551543281090766,-0.11707017210206701,0.03123419940793134,220.0,5.0,0.028144604042644638,-0.03061752257071071,-0.03301981180219604,-0.029413203940517805,220,2008-04-30,2026-07-31,220,2008-04-30,2026-07-31,0.1,1.615119908367543
US,Volatility Lookback,24 months,24.0,Direct Short Variance 5% Vol,0.060694099596272366,0.09364477649918422,0.6816387891003713,0.7787983650400288,-0.20706043048482414,0.29312263793791715,-0.017304581166284066,-0.08709047203851766,0.026319421384995798,220.0,5.0,0.041908551644523444,0.03496213956992267,-0.019255864200317233,-0.015649256338639,220,2008-04-30,2026-07-31,220,2008-04-30,2026-07-31,0.05,1.8728955299836842
US,Volatility Lookback,24 months,24.0,Direct Short Variance 10% Vol,0.1117610350461049,0.18728955299836844,0.6816387891003713,0.7787983650400288,-0.4117528942063656,0.2714274425721258,-0.03460916233256813,-0.17418094407703533,0.052638842769991596,220.0,5.0,0.03997038246113605,-0.05530230986812745,-0.021194033383704625,-0.01758742552202639,220,2008-04-30,2026-07-31,220,2008-04-30,2026-07-31,0.1,1.8728955299836842
US,Volatility Lookback,24 months,24.0,Direct Short Variance 10% Vol (VRP > 0),0.09673697560410899,0.18264581288344145,0.6188812437620393,0.7031350443376818,-0.41175289420636574,0.23493939439227243,-0.02288691114082454,-0.16302824344519623,0.04534232060635768,220.0,5.0,0.029637335435600178,-0.0638173218961775,-0.0315270804092405,-0.027920472547562265,220,2008-04-30,2026-07-31,220,2008-04-30,2026-07-31,0.1,1.8264581288344144
US,Volatility Lookback,24 months,24.0,Direct Short Variance 10% Vol (High VRP),0.06384216906225704,0.09943361502540196,0.6775551973492658,0.85274562005643,-0.3258927657672137,0.19589931341973915,-0.010185481875989173,-0.07177749084289986,0.02136704351295932,220.0,5.0,0.04265415315913755,0.035175693820132636,-0.018510262685703126,-0.014903654824024892,220,2008-04-30,2026-07-31,220,2008-04-30,2026-07-31,0.1,0.9943361502540196
US,Volatility Lookback,36 months,36.0,Direct Short Variance 5% Vol,0.05304437154327357,0.08454921959106891,0.6587572123278342,0.7388067826029984,-0.19994474205385526,0.26529515604359344,-0.015397837499497921,-0.07548423114144998,0.022716478511049503,220.0,5.0,0.0378259818686595,0.031874309141171064,-0.023338433976181176,-0.019731826114502943,220,2008-04-30,2026-07-31,220,2008-04-30,2026-07-31,0.05,1.690984391821378
US,Volatility Lookback,36 months,36.0,Direct Short Variance 10% Vol,0.09806216381284538,0.16909843918213782,0.6587572123278342,0.7388067826029984,-0.3977420348062516,0.24654714672190356,-0.030795674998995843,-0.15096846228289995,0.045432957022099006,220.0,5.0,0.039909111070025025,-0.041681666706101295,-0.021255304774815652,-0.01764869691313742,220,2008-04-30,2026-07-31,220,2008-04-30,2026-07-31,0.1,1.690984391821378
US,Volatility Lookback,36 months,36.0,Direct Short Variance 10% Vol (VRP > 0),0.08148948204297368,0.16346897647958503,0.5816396988803997,0.6470906143651541,-0.3977420348062515,0.20488023621307444,-0.027019041607508218,-0.13942100264645044,0.03907821409892207,220.0,5.0,0.028274780577665186,-0.05134693365450482,-0.03288963526717549,-0.029283027405497257,220,2008-04-30,2026-07-31,220,2008-04-30,2026-07-31,0.1,1.6346897647958503
US,Volatility Lookback,36 months,36.0,Direct Short Variance 10% Vol (High VRP),0.06504061807721206,0.0710376036554996,0.9258845447837234,1.2824208256983078,-0.23464506501608806,0.2771872405360524,-0.011018245585493776,-0.05177769906803641,0.01908238465969764,220.0,5.0,0.05315676649030919,0.052860635844906856,-0.008007649354531486,-0.004401041492853253,220,2008-04-30,2026-07-31,220,2008-04-30,2026-07-31,0.1,0.710376036554996
US,Volatility Lookback,60 months,60.0,Direct Short Variance 5% Vol,0.0444038521241481,0.07493073863917624,0.6213702192272982,0.6851299475444043,-0.19921431213439178,0.2228948896713448,-0.014693790820042277,-0.07056942219757271,0.019031689799668548,220.0,5.0,0.032523190512556976,0.028527908550386893,-0.0286412253322837,-0.025034617470605466,220,2008-04-30,2026-07-31,220,2008-04-30,2026-07-31,0.05,1.4986147727835246
US,Volatility Lookback,60 months,60.0,Direct Short Variance 10% Vol,0.08269303209241485,0.14986147727835247,0.6213702192272982,0.6851299475444043,-0.37805077391409525,0.21873525409368755,-0.029387581640084554,-0.14113884439514543,0.038063379599337095,220.0,5.0,0.036973303060051255,-0.015609334196297842,-0.02419111278478942,-0.020584504923111188,220,2008-04-30,2026-07-31,220,2008-04-30,2026-07-31,0.1,1.4986147727835246
US,Volatility Lookback,60 months,60.0,Direct Short Variance 10% Vol (VRP > 0),0.07187486138915045,0.1440842123794561,0.5697849401206994,0.6257513983697452,-0.3714772092560463,0.193483905871624,-0.024187616078648094,-0.12859363683609593,0.03276850480509529,220.0,5.0,0.030196363680445995,-0.020894272454773266,-0.03096805216439468,-0.027361444302716448,220,2008-04-30,2026-07-31,220,2008-04-30,2026-07-31,0.1,1.4408421237945608
US,Volatility Lookback,60 months,60.0,Direct Short Variance 10% Vol (High VRP),0.06257963796960442,0.06866427944961113,0.9218600893270488,1.2113930434124358,-0.22999649586065096,0.2720895278661977,-0.011471689080013885,-0.05168692141993946,0.017844008109123902,220.0,5.0,0.051511900606160246,0.050879266228199826,-0.00965251523868043,-0.0060459073770021965,220,2008-04-30,2026-07-31,220,2008-04-30,2026-07-31,0.1,0.6866427944961113
EU,Volatility Lookback,12 months,12.0,Direct Short Variance 5% Vol,0.0969713339383933,0.061705361088189,1.5366821572638127,2.339004365540754,-0.08795171306553295,1.1025519635545906,-0.03244136896343183,-0.04419665043026503,0.033058533603546894,158.0,5.0,0.08530264842418134,0.08829060105992559,0.058156130024711344,0.058570042168074446,158,2012-06-30,2026-07-31,158,2012-06-30,2026-07-31,0.05,1.2341072217637798
EU,Volatility Lookback,12 months,12.0,Direct Short Variance 10% Vol,0.19787349889743444,0.123410722176378,1.5366821572638127,2.339004365540754,-0.1750465849434384,1.1304047945943758,-0.06488273792686367,-0.08839330086053006,0.06611706720709379,158.0,5.0,0.1515675389132437,0.15819096886317263,0.12442102051377371,0.12483493265713681,158,2012-06-30,2026-07-31,158,2012-06-30,2026-07-31,0.1,1.2341072217637798
EU,Volatility Lookback,12 months,12.0,Direct Short Variance 10% Vol (VRP > 0),0.183473476059961,0.11209660089591061,1.569687422302107,2.554074768195476,-0.1592223338733585,1.1523099278640851,-0.059632382533176466,-0.07919648964465337,0.05654129192809181,158.0,5.0,0.14454250467808732,0.15221066051735677,0.11739598627861733,0.11780989842198043,158,2012-06-30,2026-07-31,158,2012-06-30,2026-07-31,0.1,1.120966008959106
EU,Volatility Lookback,12 months,12.0,Direct Short Variance 10% Vol (High VRP),0.08770354882868814,0.09063223743044933,0.976078614490722,1.6218418384860445,-0.18243775142450047,0.48073136258195515,-0.019295654809684818,-0.060941224509865645,0.02974513242543476,158.0,5.0,0.06792868258518378,0.06938595266749359,0.04078216418571379,0.04119607632907689,158,2012-06-30,2026-07-31,158,2012-06-30,2026-07-31,0.1,0.9063223743044933
EU,Volatility Lookback,24 months,24.0,Direct Short Variance 5% Vol,0.08388771647723825,0.05887071065110111,1.4026488261404129,1.991111381970106,-0.1026211828217174,0.8174502979855087,-0.02793310804277356,-0.046476936369941095,0.02950957766061314,158.0,5.0,0.0739105317574047,0.07592102686855928,0.0467640133579347,0.047177925501297804,158,2012-06-30,2026-07-31,158,2012-06-30,2026-07-31,0.05,1.1774142130220222
EU,Volatility Lookback,24 months,24.0,Direct Short Variance 10% Vol,0.16999001352273257,0.11774142130220222,1.4026488261404129,1.991111381970106,-0.19971051518861804,0.851182089046159,-0.05586621608554712,-0.09295387273988219,0.05901915532122628,158.0,5.0,0.13049226065198105,0.13317326220581394,0.10334574225251106,0.10375965439587416,158,2012-06-30,2026-07-31,158,2012-06-30,2026-07-31,0.1,1.1774142130220222
EU,Volatility Lookback,24 months,24.0,Direct Short Variance 10% Vol (VRP > 0),0.15660684060395136,0.104566909280376,1.4530509918515595,2.1756877586272307,-0.19971051518861782,0.7841692284256694,-0.04842987428777356,-0.08060493878699332,0.049710612300181325,158.0,5.0,0.12460545495357644,0.12882113462200873,0.09745893655410645,0.09787284869746955,158,2012-06-30,2026-07-31,158,2012-06-30,2026-07-31,0.1,1.04566909280376
EU,Volatility Lookback,24 months,24.0,Direct Short Variance 10% Vol (High VRP),0.07210400090671754,0.08465336524446443,0.8680367448203558,1.2509877317785656,-0.20973295471119768,0.34378956328539195,-0.01802267326668757,-0.06293276033373281,0.026736780774859942,158.0,5.0,0.0555667509868618,0.055094835167327494,0.028420232587391805,0.028834144730754907,158,2012-06-30,2026-07-31,158,2012-06-30,2026-07-31,0.1,0.8465336524446443
EU,Volatility Lookback,36 months,36.0,Direct Short Variance 5% Vol,0.07559369236085312,0.0564325156256891,1.3238622366952906,1.802541180292731,-0.10996122393466934,0.6874577206030844,-0.021352066071726683,-0.04644121649330152,0.027339302782470057,158.0,5.0,0.0667473043089576,0.06822399203943186,0.03960078590948761,0.04001469805285071,158,2012-06-30,2026-07-31,158,2012-06-30,2026-07-31,0.05,1.128650312513782
EU,Volatility Lookback,36 months,36.0,Direct Short Variance 10% Vol,0.15254496784283544,0.1128650312513782,1.3238622366952906,1.802541180292731,-0.21360736588724505,0.7141372078121967,-0.042704132143453366,-0.09288243298660304,0.054678605564940114,158.0,5.0,0.11757146451869699,0.11814095417356096,0.090424946119227,0.0908388582625901,158,2012-06-30,2026-07-31,158,2012-06-30,2026-07-31,0.1,1.128650312513782
EU,Volatility Lookback,36 months,36.0,Direct Short Variance 10% Vol (VRP > 0),0.14149796109723112,0.09790944994685429,1.409448011276926,2.0158261320121826,-0.21360736588724483,0.6624207948518147,-0.03500074664778071,-0.07576162610398823,0.04543272661555512,158.0,5.0,0.11403262854057263,0.11658636569455827,0.08688611014110263,0.08730002228446573,158,2012-06-30,2026-07-31,158,2012-06-30,2026-07-31,0.1,0.9790944994685428
EU,Volatility Lookback,36 months,36.0,Direct Short Variance 10% Vol (High VRP),0.06615830353075225,0.07892952962735852,0.8546576715507298,1.161946880091623,-0.16942066701027914,0.3904972439208864,-0.014464443592249646,-0.05813521745484434,0.024504606557017045,158.0,5.0,0.05188305138992243,0.05065064616419379,0.024736532990452434,0.025150445133815535,158,2012-06-30,2026-07-31,158,2012-06-30,2026-07-31,0.1,0.7892952962735852
EU,Volatility Lookback,60 months,60.0,Direct Short Variance 5% Vol,0.07350653826440023,0.05094277464935934,1.4222995785312,1.935508019742718,-0.08801155196634458,0.8351919335828661,-0.020933923636585257,-0.04038981648166366,0.02558742731132208,158.0,5.0,0.06596797119055518,0.06751438502626028,0.03882145279108519,0.03923536493444829,158,2012-06-30,2026-07-31,158,2012-06-30,2026-07-31,0.05,1.0188554929871867
EU,Volatility Lookback,60 months,60.0,Direct Short Variance 10% Vol,0.148812741094682,0.10188554929871868,1.4222995785312,1.935508019742718,-0.17209522404845157,0.8647116264701534,-0.041867847273170514,-0.08077963296332732,0.05117485462264416,158.0,5.0,0.1189601109362333,0.12087298853037698,0.0918135925367633,0.0922275046801264,158,2012-06-30,2026-07-31,158,2012-06-30,2026-07-31,0.1,1.0188554929871867
EU,Volatility Lookback,60 months,60.0,Direct Short Variance 10% Vol (VRP > 0),0.1391509193654359,0.08927352896476096,1.5131820098141133,2.178315091836884,-0.17209522404845146,0.8085693262833344,-0.03083279960947026,-0.06702052242894624,0.042682042051785954,158.0,5.0,0.11516269054754043,0.118451585195126,0.08801617214807043,0.08843008429143354,158,2012-06-30,2026-07-31,158,2012-06-30,2026-07-31,0.1,0.8927352896476095
EU,Volatility Lookback,60 months,60.0,Direct Short Variance 10% Vol (High VRP),0.06740359828207865,0.07668573479042762,0.8924837517094751,1.2368472787169777,-0.1589760789787199,0.423985789026166,-0.0144932383251481,-0.055843990368761885,0.024218001010167804,158.0,5.0,0.05373901748748916,0.052908287909639196,0.026592499088019167,0.02700641123138227,158,2012-06-30,2026-07-31,158,2012-06-30,2026-07-31,0.1,0.7668573479042762
