Market,Period,Strategy,Ann. Return,Ann. Vol,Sharpe,Sortino,Max Drawdown,Calmar,VaR 95,CVaR 95,Avg Turnover,Obs,Gamma,MV CEQ Ann.,CRRA CE Ann.,Delta MV CEQ vs 60/40,Delta MV CEQ vs 1/N,Welfare Obs,Welfare Start,Welfare End,Period Obs,Period Start,Period End,Target Ann. Vol,Realized / Target Vol
US,Full Sample,Direct Short Variance 5% Vol,0.053211202660093715,0.08305994803845848,0.6707890549556992,0.7553874816088434,-0.19994474205385526,0.26612954216000956,-0.016055782839401664,-0.07173234410019266,0.02306314670064574,232.0,5.0,0.03846831662900849,0.032862525773266205,-0.019008675178724697,-0.01641323264289564,232,2007-04-30,2026-07-31,232,2007-04-30,2026-07-31,0.05,1.6611989607691695
US,Full Sample,Direct Short Variance 10% Vol,0.09882000010320335,0.16611989607691696,0.6707890549556992,0.7553874816088434,-0.3977420348062516,0.24845249296152624,-0.03211156567880333,-0.14346468820038533,0.04612629340129148,232.0,5.0,0.042441858417259865,-0.035363686264141214,-0.01503513339047332,-0.012439690854644261,232,2007-04-30,2026-07-31,232,2007-04-30,2026-07-31,0.1,1.6611989607691695
US,Full Sample,Direct Short Variance 10% Vol (VRP > 0),0.08180825464557229,0.16066555889790546,0.5898282450372914,0.6590418445188885,-0.3977420348062516,0.20568169186699814,-0.027154161936571757,-0.13287951686697327,0.039858105056402415,232.0,5.0,0.03023153010274632,-0.04567472881216372,-0.027245461704986863,-0.024650019169157805,232,2007-04-30,2026-07-31,232,2007-04-30,2026-07-31,0.1,1.6066555889790546
US,Full Sample,Direct Short Variance 10% Vol (High VRP),0.062320749747014625,0.07174096946754084,0.8816668516675211,1.218248930380842,-0.23464506501608817,0.2655958255194571,-0.01220749630109555,-0.05263641994319981,0.020132469610168235,232.0,5.0,0.05038471793566593,0.04999041732875087,-0.007092273872067255,-0.004496831336238197,232,2007-04-30,2026-07-31,232,2007-04-30,2026-07-31,0.1,0.7174096946754084
US,First Half,Direct Short Variance 5% Vol,0.05295766811746305,0.08539107074969504,0.6516736339736474,0.7371363251701124,-0.1907330239060543,0.2776533766042916,-0.013954705420393218,-0.07468790716351244,0.023316577616431997,116.0,5.0,0.03741802197490604,0.03211436119730049,-0.003331486593410468,-0.005866960276207228,116,2007-04-30,2016-11-30,116,2007-04-30,2016-11-30,0.05,1.7078214149939008
US,First Half,Direct Short Variance 10% Vol,0.09801412996576442,0.17078214149939008,0.6516736339736474,0.7371363251701124,-0.36304278541648605,0.2699795558623254,-0.027909410840786436,-0.14937581432702488,0.046633155232863994,116.0,5.0,0.038377869130914954,-0.03133695935828351,-0.0023716394374015543,-0.004907113120198314,116,2007-04-30,2016-11-30,116,2007-04-30,2016-11-30,0.1,1.7078214149939008
US,First Half,Direct Short Variance 10% Vol (VRP > 0),0.07759137584697862,0.16202081068481355,0.5606436461596364,0.6273533236789031,-0.35102196316683365,0.22104421941854677,-0.026787785438613227,-0.13173090180295802,0.04102412700908352,116.0,5.0,0.025209080318663566,-0.04193658787297294,-0.015540428249652943,-0.018075901932449703,116,2007-04-30,2016-11-30,116,2007-04-30,2016-11-30,0.1,1.6202081068481355
US,First Half,Direct Short Variance 10% Vol (High VRP),0.06637658287736903,0.05844778403200653,1.1313715142362062,2.061609942229275,-0.06114028269976135,1.0856440295397607,-0.012842122132045516,-0.035713773450359865,0.02034735897481711,116.0,5.0,0.05758579927841179,0.05918017323026148,0.016836290710095278,0.014300817027298518,116,2007-04-30,2016-11-30,116,2007-04-30,2016-11-30,0.1,0.5844778403200653
US,Second Half,Direct Short Variance 5% Vol,0.053464798249589274,0.08103249406420922,0.6884188788539157,0.7749658752346674,-0.19994474205385515,0.2673978705335923,-0.01705227591716358,-0.06850263714524632,0.022809715784859474,116.0,5.0,0.039368635978754236,0.033611413635374454,-0.034769723424002676,-0.02702807769809195,116,2016-12-31,2026-07-31,116,2016-12-31,2026-07-31,0.05,1.6206498812841843
US,Second Half,Direct Short Variance 10% Vol,0.09962646169630807,0.16206498812841844,0.6884188788539157,0.7749658752346674,-0.3977420348062515,0.2504800925676317,-0.03410455183432716,-0.13700527429049264,0.04561943156971895,116.0,5.0,0.04590594648617795,-0.03936812528533962,-0.028232412916578964,-0.020490767190668238,116,2016-12-31,2026-07-31,116,2016-12-31,2026-07-31,0.1,1.6206498812841843
US,Second Half,Direct Short Variance 10% Vol (VRP > 0),0.08604163512300289,0.15999365508724472,0.6168634073362607,0.6912081586333726,-0.3977420348062515,0.2163252248782696,-0.02898519313266025,-0.13397183179387873,0.038692083103721304,116.0,5.0,0.034699307058859645,-0.04939344787294919,-0.03943905234389727,-0.03169740661798654,116,2016-12-31,2026-07-31,116,2016-12-31,2026-07-31,0.1,1.5999365508724472
US,Second Half,Direct Short Variance 10% Vol (High VRP),0.05828034248276159,0.08319107712114482,0.7257642710898002,0.9141132896273114,-0.23464506501608828,0.24837659585453306,-0.011159719916684093,-0.06936749323513318,0.019917580245519362,116.0,5.0,0.04307522316656237,0.04090666537383125,-0.03106313623619454,-0.023321490510283815,116,2016-12-31,2026-07-31,116,2016-12-31,2026-07-31,0.1,0.8319107712114482
US,Pre-Covid,Direct Short Variance 5% Vol,0.05285916506056543,0.07930267540048531,0.6934888943470209,0.7890024293663754,-0.1907330239060543,0.27713693191694616,-0.02082095244265226,-0.07082903334549989,0.02180326901850847,153.0,5.0,0.039273238868056407,0.035262357513296205,-0.01446083118704617,-0.014591578881390677,153,2007-04-30,2019-12-31,153,2007-04-30,2019-12-31,0.05,1.5860535080097062
US,Pre-Covid,Direct Short Variance 10% Vol,0.09942428003605519,0.15860535080097063,0.6934888943470209,0.7890024293663754,-0.36304278541648605,0.273863808977762,-0.04164190488530452,-0.14165806669099978,0.04360653803701694,153.0,5.0,0.04710190610773912,-0.008028108269273693,-0.006632163947363455,-0.006762911641707961,153,2007-04-30,2019-12-31,153,2007-04-30,2019-12-31,0.1,1.5860535080097062
US,Pre-Covid,Direct Short Variance 10% Vol (VRP > 0),0.08104132480548465,0.1504890626843614,0.6091891756227409,0.6865116879139079,-0.35102196316683365,0.2308725188428376,-0.028453766405433126,-0.12669474829808905,0.03786786816079238,153.0,5.0,0.03505891306788096,-0.01818266851130146,-0.018675156987221615,-0.01880590468156612,153,2007-04-30,2019-12-31,153,2007-04-30,2019-12-31,0.1,1.504890626843614
US,Pre-Covid,Direct Short Variance 10% Vol (High VRP),0.05397869163355096,0.07188392932083586,0.7696201045951412,1.0611917331528458,-0.13602934080126727,0.39681653469460965,-0.016911538307843428,-0.05645099286244732,0.019729233100366665,153.0,5.0,0.042405068966104124,0.041962046270073605,-0.011329001088998453,-0.011459748783342959,153,2007-04-30,2019-12-31,153,2007-04-30,2019-12-31,0.1,0.7188392932083585
US,Covid and After,Direct Short Variance 5% Vol,0.05389333176985689,0.09042096704866394,0.6316066248255685,0.704750648251957,-0.19994474205385526,0.2695411302955928,-0.01291340891095247,-0.07262452700237085,0.02550316297111412,79.0,5.0,0.036670603606031665,0.028235802030982082,-0.027767929423040627,-0.01992424223457752,79,2020-01-31,2026-07-31,79,2020-01-31,2026-07-31,0.05,1.8084193409732787
US,Covid and After,Direct Short Variance 10% Vol,0.09765063015011921,0.18084193409732788,0.6316066248255685,0.704750648251957,-0.3977420348062515,0.24551247191584086,-0.02582681782190494,-0.1452490540047417,0.05100632594222824,79.0,5.0,0.032461450801985474,-0.08551444910028827,-0.03197708222708682,-0.02413339503862371,79,2020-01-31,2026-07-31,79,2020-01-31,2026-07-31,0.1,1.8084193409732787
US,Covid and After,Direct Short Variance 10% Vol (VRP > 0),0.08329512206844325,0.17975073904261854,0.5604825115077061,0.6226183971688598,-0.3977420348062515,0.20941996263738646,-0.02582681782190494,-0.1452490540047417,0.043712614487140845,79.0,5.0,0.019971325198054245,-0.09606839005897094,-0.04446720783101805,-0.03662352064255494,79,2020-01-31,2026-07-31,79,2020-01-31,2026-07-31,0.1,1.7975073904261853
US,Covid and After,Direct Short Variance 10% Vol (High VRP),0.07866511449118474,0.07171167450509251,1.0961461707532298,1.5261925022520573,-0.15372709750660662,0.5117192464250098,-0.003928093541320867,-0.044024548523912035,0.020913421331682662,79.0,5.0,0.06575006675624834,0.06577513673534363,0.0013115337271760452,0.009155220915639153,79,2020-01-31,2026-07-31,79,2020-01-31,2026-07-31,0.1,0.717116745050925
EU,Full Sample,Direct Short Variance 5% Vol,0.0678122136100443,0.056855719238036985,1.1859715834566142,1.6062059908596817,-0.10996122393466923,0.6166920591056104,-0.024743440500115767,-0.045649768651575384,0.027006551171736306,170.0,5.0,0.05934783534811319,0.060419028935721375,0.0471451430524092,0.04436786634099272,170,2011-06-30,2026-07-31,170,2011-06-30,2026-07-31,0.05,1.1371143847607397
EU,Full Sample,Direct Short Variance 10% Vol,0.135973043259211,0.11371143847607397,1.1859715834566142,1.6062059908596817,-0.21360736588724494,0.6365559665717985,-0.04948688100023153,-0.09129953730315077,0.05401310234347261,170.0,5.0,0.10253280664585392,0.10191254887151358,0.09033011435014993,0.08755283763873345,170,2011-06-30,2026-07-31,170,2011-06-30,2026-07-31,0.1,1.1371143847607397
EU,Full Sample,Direct Short Variance 10% Vol (VRP > 0),0.13078430819374431,0.0969590268794511,1.3239358698465213,1.8912768988553412,-0.21360736588724505,0.6122649734034932,-0.036603067304811145,-0.07342976626315853,0.043876925419398465,170.0,5.0,0.10486490135759305,0.10672871500020986,0.09266220906188906,0.08988493235047257,170,2011-06-30,2026-07-31,170,2011-06-30,2026-07-31,0.1,0.9695902687945109
EU,Full Sample,Direct Short Variance 10% Vol (High VRP),0.06433288685606153,0.07644154643360092,0.8573140767359271,1.1709002548109357,-0.16942066701027925,0.37972278111830515,-0.013106418424765898,-0.05319161793953022,0.023289544125737277,170.0,5.0,0.050926138752088165,0.049832432919883596,0.038723446456384175,0.03594616974496769,170,2011-06-30,2026-07-31,170,2011-06-30,2026-07-31,0.1,0.7644154643360092
EU,First Half,Direct Short Variance 5% Vol,0.046744054226128595,0.05252094707186031,0.8979517423895962,1.1770233808060684,-0.09047268366584449,0.5166648355295285,-0.026174727703832504,-0.03975763785914852,0.024393431838548314,85.0,5.0,0.04026515123181585,0.04060103135031179,0.040363649904353475,0.03109809880052802,85,2011-06-30,2019-06-30,85,2011-06-30,2019-06-30,0.05,1.050418941437206
EU,First Half,Direct Short Variance 10% Vol,0.09233591838673183,0.10504189414372062,0.8979517423895962,1.1770233808060684,-0.1810924823726323,0.5098826697661202,-0.05234945540766501,-0.07951527571829704,0.04878686367709663,85.0,5.0,0.06673805305700595,0.06457118983365828,0.06683655172954357,0.05757100062571811,85,2011-06-30,2019-06-30,85,2011-06-30,2019-06-30,0.1,1.050418941437206
EU,First Half,Direct Short Variance 10% Vol (VRP > 0),0.12773377088294424,0.0707404275494679,1.7429442984806014,3.069296782654414,-0.06327846147615335,2.018597922629346,-0.02291157982885935,-0.042669461145567224,0.03852276247461961,85.0,5.0,0.11078610464472134,0.1162910660366987,0.11088460331725897,0.10161905221343351,85,2011-06-30,2019-06-30,85,2011-06-30,2019-06-30,0.1,0.7074042754946789
EU,First Half,Direct Short Variance 10% Vol (High VRP),0.057903820692736696,0.05547501018109896,1.0443771153619017,1.9986701193853336,-0.07074933661304361,0.8184362350905964,-0.01340442030935001,-0.029020712476611643,0.02025042377610332,85.0,5.0,0.05024313922112568,0.05150874967993602,0.050341637893663305,0.041076086789837846,85,2011-06-30,2019-06-30,85,2011-06-30,2019-06-30,0.1,0.5547501018109896
EU,Second Half,Direct Short Variance 5% Vol,0.08930441871749117,0.06062918801911367,1.446452800651446,2.0017964609511023,-0.10996122393466934,0.8121446408285626,-0.02105007256452594,-0.046714321903719394,0.0296196705049243,85.0,5.0,0.0785075127118275,0.08074347686765693,0.05424318670523336,0.05794008613858409,85,2019-07-31,2026-07-31,85,2019-07-31,2026-07-31,0.05,1.2125837603822733
EU,Second Half,Direct Short Variance 10% Vol,0.1813534035550466,0.12125837603822734,1.446452800651446,2.0017964609511023,-0.21360736588724494,0.8490035107252624,-0.04210014512905188,-0.09342864380743879,0.0592393410098486,85.0,5.0,0.13863553322436983,0.14102092965118884,0.11437120721777569,0.11806810665112642,85,2019-07-31,2026-07-31,85,2019-07-31,2026-07-31,0.1,1.2125837603822733
EU,Second Half,Direct Short Variance 10% Vol (VRP > 0),0.13384309725520138,0.1179214920501839,1.1315871262553574,1.530652946735008,-0.21360736588724494,0.626584653105324,-0.04210014512905188,-0.09342864380743879,0.04923108836417733,85.0,5.0,0.09867474659445762,0.0972752699498105,0.07441042058786347,0.0781073200212142,85,2019-07-31,2026-07-31,85,2019-07-31,2026-07-31,0.1,1.179214920501839
EU,Second Half,Direct Short Variance 10% Vol (High VRP),0.07080102357658058,0.09310731135724327,0.7854592237313123,0.992920368823243,-0.14053608307346055,0.5037924924915668,-0.00917419112067326,-0.0687566659761881,0.026328664475371234,85.0,5.0,0.0514595679319333,0.04815967744930738,0.027195241925339158,0.030892141358689888,85,2019-07-31,2026-07-31,85,2019-07-31,2026-07-31,0.1,0.9310731135724327
EU,Pre-Covid,Direct Short Variance 5% Vol,0.05118364619778659,0.05279936956896139,0.9739587290903136,1.301723608582868,-0.09047268366584449,0.5657359119226568,-0.024449662359210804,-0.03975763785914852,0.024652198977053067,91.0,5.0,0.044454973314956,0.04497237922752362,0.038353332167691045,0.03058827104609744,91,2011-06-30,2019-12-31,91,2011-06-30,2019-12-31,0.05,1.0559873913792277
EU,Pre-Covid,Direct Short Variance 10% Vol,0.1015645454218681,0.10559873913792278,0.9739587290903136,1.301723608582868,-0.1810924823726323,0.5608435208971275,-0.04889932471842161,-0.07951527571829704,0.049304397954106134,91.0,5.0,0.07497107949551317,0.07351171717121652,0.06886943834824821,0.061104377226654606,91,2011-06-30,2019-12-31,91,2011-06-30,2019-12-31,0.1,1.0559873913792277
EU,Pre-Covid,Direct Short Variance 10% Vol (VRP > 0),0.12805792342264,0.07300320133118128,1.695130502779704,2.957005266950157,-0.06327846147615335,2.023720558865025,-0.029014153220286755,-0.046548527517795826,0.039032993860796505,91.0,5.0,0.11042628486555081,0.11586870138547845,0.10432464371828586,0.09655958259669226,91,2011-06-30,2019-12-31,91,2011-06-30,2019-12-31,0.1,0.7300320133118128
EU,Pre-Covid,Direct Short Variance 10% Vol (High VRP),0.052731822483407464,0.057108882246419336,0.9299639130228823,1.6556443030139032,-0.07594362621002249,0.694354814419545,-0.0163815610677918,-0.03489690049327264,0.02077326340995418,91.0,5.0,0.04495563852365467,0.04593639401499705,0.03885399737638971,0.031088936254796105,91,2011-06-30,2019-12-31,91,2011-06-30,2019-12-31,0.1,0.5710888224641933
EU,Covid and After,Direct Short Variance 5% Vol,0.0872929143372001,0.061103643061008274,1.4052393869216577,1.9225417554343847,-0.10880825057804822,0.8022637426247824,-0.020504007114123708,-0.053014932142108964,0.029718526484599272,79.0,5.0,0.07653110792541332,0.07859166568861209,0.0576179738724487,0.060543090330396385,79,2020-01-31,2026-07-31,79,2020-01-31,2026-07-31,0.05,1.2220728612201655
EU,Covid and After,Direct Short Variance 10% Vol,0.17694231306730202,0.12220728612201655,1.4052393869216577,1.9225417554343847,-0.2115673068555628,0.836340527736172,-0.041008014228247416,-0.10602986428421793,0.059437052969198545,79.0,5.0,0.13439393987419113,0.13588292924767753,0.11548080582122651,0.1184059222791742,79,2020-01-31,2026-07-31,79,2020-01-31,2026-07-31,0.1,1.2220728612201655
EU,Covid and After,Direct Short Variance 10% Vol (VRP > 0),0.13393299510498857,0.11922710108332626,1.1212762633659097,1.5044767851298275,-0.2115673068555628,0.6330514723450384,-0.041008014228247416,-0.10602986428421793,0.049456644050193135,79.0,5.0,0.09814876431282747,0.09632366927426461,0.07923563025986285,0.08216074671781054,79,2020-01-31,2026-07-31,79,2020-01-31,2026-07-31,0.1,1.1922710108332626
EU,Covid and After,Direct Short Variance 10% Vol (High VRP),0.07785467343882613,0.0941542540644495,0.8480445531686421,1.071248951894236,-0.14053608307346055,0.5539835160919505,-0.005715702214236167,-0.07518989199515455,0.026188044697082368,79.0,5.0,0.057684443420930626,0.05434429460784829,0.03877130936796601,0.041696425825913694,79,2020-01-31,2026-07-31,79,2020-01-31,2026-07-31,0.1,0.9415425406444949
