Market,Strategy,Gamma,Obs,Start,End,Ann. Arithmetic Mean,Ann. Geometric Return,Ann. Vol,MV CEQ Ann.,CRRA CE Ann.,Min Monthly Return,CRRA Domain Valid,Delta MV CEQ Ann. vs 60/40,Delta MV CEQ CI Low vs 60/40,Delta MV CEQ CI High vs 60/40,Delta MV CEQ Positive vs 60/40,Delta CRRA CE Ann. vs 60/40,Delta CRRA CE CI Low vs 60/40,Delta CRRA CE CI High vs 60/40,Delta CRRA CE Positive vs 60/40,Bootstrap P(Delta MV <= 0) vs 60/40,Bootstrap P(Delta CRRA <= 0) vs 60/40,Fee Eq. bps vs 60/40,CRRA Fee Eq. bps vs 60/40,Delta MV CEQ Ann. vs 1/N Equity-Bond,Delta MV CEQ CI Low vs 1/N Equity-Bond,Delta MV CEQ CI High vs 1/N Equity-Bond,Delta MV CEQ Positive vs 1/N Equity-Bond,Delta CRRA CE Ann. vs 1/N Equity-Bond,Delta CRRA CE CI Low vs 1/N Equity-Bond,Delta CRRA CE CI High vs 1/N Equity-Bond,Delta CRRA CE Positive vs 1/N Equity-Bond,Bootstrap P(Delta MV <= 0) vs 1/N Equity-Bond,Bootstrap P(Delta CRRA <= 0) vs 1/N Equity-Bond,Fee Eq. bps vs 1/N Equity-Bond,CRRA Fee Eq. bps vs 1/N Equity-Bond
US,Synthetic Pure VRP Proxy,1.0,184,2011-04-30,2026-07-31,0.338597232447474,0.3874605634624442,0.11617938548609183,0.33184840764151097,0.38746056346244395,-0.0918682423644182,True,0.24178428038568414,0.19209510720229045,0.3049355117532933,True,0.2935561500389814,0.2294341047137441,0.3816003987540622,True,0.0,0.0,2417.8428038568413,2935.561500389814,0.2525201980710924,0.20208103345515677,0.31762806226633544,True,0.30516297756060773,0.23972480637195528,0.3964375178738262,True,0.0,0.0,2525.2019807109236,3051.629775606077
US,Buy-and-Hold Equity,1.0,184,2011-04-30,2026-07-31,0.1413971124429101,0.13957373626488878,0.1420391373327036,0.13130955417580079,0.1395737362648901,-0.1248712409272528,True,0.04124542691997396,0.020972190936128232,0.06214444596632165,True,0.04566932284142755,0.022235025536791905,0.07155898220811144,True,0.0,0.0,412.4542691997396,456.6932284142755,0.0519813446053822,0.026682396700587113,0.07809764791980954,True,0.05727615036305389,0.028125143116340467,0.0892134580744288,True,0.0,0.0,519.813446053822,572.7615036305389
US,RSM RV + Raw VRP,1.0,184,2011-04-30,2026-07-31,0.09727466115702856,0.09606406710339166,0.10254303721588261,0.09201712391629961,0.09606406710339055,-0.1009697131128694,True,0.001952996660472786,-0.011242448024810042,0.017303284263220114,False,0.0021596536799279864,-0.012356940997799382,0.018646716024067762,False,0.355,0.3535,19.52996660472786,21.596536799279864,0.012688914345881028,-0.0008213408005626706,0.028191967930979465,False,0.013766481201554326,-0.000848676926258518,0.030315245505423683,False,0.0335,0.0335,126.88914345881028,137.66481201554325
US,60/40,1.0,184,2011-04-30,2026-07-31,0.0943069762882626,0.09390441342346367,0.09211784878551788,0.09006412725582683,0.09390441342346256,-0.0770922486000828,True,0.0,0.0,0.0,False,0.0,0.0,0.0,False,1.0,1.0,0.0,0.0,0.010735917685408242,0.0056666198393559965,0.01595261498467994,True,0.01160682752162634,0.006024006779692936,0.017654997877065638,True,0.0,0.0,107.35917685408242,116.0682752162634
US,HMM RV + Log VRP (partial 0.25),1.0,184,2011-04-30,2026-07-31,0.08735290937556345,0.08693791820451047,0.08618566513601572,0.08363892493809473,0.08693791820450958,-0.0735418699342671,True,-0.0064252023177320955,-0.019426998909014247,0.0054663334684180945,False,-0.006966495218952984,-0.020961799931365772,0.005885980952865144,False,0.846,0.847,-64.25202317732095,-69.66495218952984,0.004310715367676146,-0.009313284895532124,0.017792403074108152,False,0.004640332302673356,-0.009893512572077568,0.019399403555675963,False,0.2385,0.2385,43.10715367676146,46.40332302673356
US,HMM RV + Log VRP (full),1.0,184,2011-04-30,2026-07-31,0.08390789107335991,0.08356720525275096,0.08237110620085422,0.08051539150498371,0.08356720525275163,-0.0583794362721516,True,-0.009548735750843113,-0.025417699124115935,0.00926263960178937,False,-0.010337208170710932,-0.027371526364383197,0.00996881504569702,False,0.791,0.7905,-95.48735750843113,-103.37208170710932,0.001187181934565129,-0.015785753108403446,0.020760625888661278,False,0.0012696193509154075,-0.016790043542140816,0.0226757548487294,False,0.3465,0.3465,11.871819345651291,12.696193509154075
US,1/N Equity-Bond,1.0,184,2011-04-30,2026-07-31,0.08257103426962824,0.08229758590183689,0.08053352965330211,0.07932820957041858,0.08229758590183622,-0.0669755663537769,True,-0.010735917685408242,-0.01595261498467994,-0.005666619839355997,False,-0.01160682752162634,-0.017654997877065638,-0.006024006779692951,False,1.0,1.0,-107.35917685408242,-116.0682752162634,0.0,0.0,0.0,False,0.0,0.0,0.0,False,1.0,1.0,0.0,0.0
US,Synthetic Pure VRP Proxy,3.0,184,2011-04-30,2026-07-31,0.338597232447474,0.3874605634624442,0.11617938548609183,0.31835075802958507,0.36933540226854356,-0.0918682423644182,True,0.23677232883862978,0.18714861879451708,0.3004154578463359,True,0.28465948530062124,0.22067956078303028,0.37204962437782835,True,0.0,0.0,2367.723288386298,2846.5948530062124,0.24550819785758576,0.19468607502540883,0.3110196370722588,True,0.29402064125745797,0.22709825505578077,0.38379236590028576,True,0.0,0.0,2455.0819785758576,2940.2064125745796
US,Buy-and-Hold Equity,3.0,184,2011-04-30,2026-07-31,0.1413971124429101,0.13957373626488878,0.1420391373327036,0.11113443764158215,0.11675059827471168,-0.1248712409272528,True,0.029556008450626864,0.007262527024414478,0.051763145779963035,True,0.032074681306789365,0.007249461974684729,0.058156133049573504,True,0.009,0.01,295.56008450626865,320.74681306789364,0.03829187746958286,0.010760496192463715,0.0658147183746692,True,0.041435837263626096,0.01084636717821572,0.07392805654941374,True,0.0075,0.0075,382.91877469582863,414.358372636261
US,60/40,3.0,184,2011-04-30,2026-07-31,0.0943069762882626,0.09390441342346367,0.09211784878551788,0.08157842919095529,0.08467591696792232,-0.0770922486000828,True,0.0,0.0,0.0,False,0.0,0.0,0.0,False,1.0,1.0,0.0,0.0,0.008735869018955997,0.0034463233006482574,0.014118508811430858,True,0.00936115595683673,0.0035527838827773216,0.015577143458428505,True,0.002,0.002,87.35869018955997,93.61155956836731
US,RSM RV + Raw VRP,3.0,184,2011-04-30,2026-07-31,0.09727466115702856,0.09606406710339166,0.10254303721588261,0.08150204943484173,0.08475539399249765,-0.1009697131128694,True,-7.637975611356207e-05,-0.013631499373837392,0.01591534495002608,False,7.947702457533623e-05,-0.01476525144555409,0.017216253516137363,False,0.456,0.4495,-0.7637975611356207,0.7947702457533623,0.008659489262842435,-0.005619294649835141,0.02460105894808553,False,0.009440632981412067,-0.005954833464552316,0.02672783533343932,False,0.1025,0.1025,86.59489262842435,94.40632981412067
US,HMM RV + Log VRP (partial 0.25),3.0,184,2011-04-30,2026-07-31,0.08735290937556345,0.08693791820451047,0.08618566513601572,0.07621095606315728,0.07887646907793178,-0.0735418699342671,True,-0.005367473127798006,-0.017793576588291667,0.005810118019790624,False,-0.005799447889990539,-0.019335149246286022,0.006321520850771896,False,0.802,0.8025,-53.67473127798006,-57.99447889990539,0.003368395891157991,-0.009637547040666309,0.01661993557924233,False,0.003561708066846192,-0.010384304975793679,0.017963722933351262,False,0.2755,0.2795,33.68395891157991,35.617080668461924
US,HMM RV + Log VRP (full),3.0,184,2011-04-30,2026-07-31,0.08390789107335991,0.08356720525275096,0.08237110620085422,0.0737303923682313,0.07621481221728832,-0.0583794362721516,True,-0.007848036822723989,-0.023222694976185742,0.010834135632782326,False,-0.008461104750633996,-0.02489454641290581,0.011585364200485837,False,0.746,0.747,-78.4803682272399,-84.61104750633996,0.0008878321962320079,-0.01568432197524768,0.020220143007891583,False,0.0009000512062027344,-0.01682243713353144,0.02183317556376163,False,0.362,0.364,8.87832196232008,9.000512062027344
US,1/N Equity-Bond,3.0,184,2011-04-30,2026-07-31,0.08257103426962824,0.08229758590183689,0.08053352965330211,0.07284256017199929,0.07531476101108558,-0.0669755663537769,True,-0.008735869018955997,-0.014118508811430864,-0.0034463233006482626,False,-0.00936115595683673,-0.015577143458428505,-0.003552783882777325,False,0.998,0.998,-87.35869018955997,-93.61155956836731,0.0,0.0,0.0,False,0.0,0.0,0.0,False,1.0,1.0,0.0,0.0
US,Synthetic Pure VRP Proxy,5.0,184,2011-04-30,2026-07-31,0.338597232447474,0.3874605634624442,0.11617938548609183,0.3048531084176591,0.35088644951955517,-0.0918682423644182,True,0.23176037729157536,0.18273352873296425,0.2949519081032967,True,0.2755171851131597,0.2108255185229699,0.36291796670945403,True,0.0,0.0,2317.603772915754,2755.171851131597,0.2384961976440791,0.18664941516783293,0.3034754443483136,True,0.28261370344664516,0.21522659672080136,0.37221664404267624,True,0.0,0.0,2384.9619764407907,2826.1370344664515
US,Buy-and-Hold Equity,5.0,184,2011-04-30,2026-07-31,0.1413971124429101,0.13957373626488878,0.1420391373327036,0.09095932110736352,0.0937554790086561,-0.1248712409272528,True,0.017866589981279768,-0.007389115688395564,0.042159377936178966,False,0.018386214602260642,-0.009349139697580767,0.04646831242572593,False,0.0805,0.093,178.66589981279768,183.86214602260642,0.024602410333783506,-0.006156683694824804,0.05461233998364121,False,0.0254827329357461,-0.008243394130397552,0.06001776516060024,False,0.055,0.0655,246.02410333783507,254.827329357461
US,60/40,5.0,184,2011-04-30,2026-07-31,0.0943069762882626,0.09390441342346367,0.09211784878551788,0.07309273112608375,0.07536926440639546,-0.0770922486000828,True,0.0,0.0,0.0,False,0.0,0.0,0.0,False,1.0,1.0,0.0,0.0,0.006735820352503738,0.0010372806725972633,0.012423901620629995,True,0.007096518333485458,0.0009257068331389173,0.01339761203050153,True,0.0155,0.0155,67.35820352503738,70.96518333485457
US,RSM RV + Raw VRP,5.0,184,2011-04-30,2026-07-31,0.09727466115702856,0.09606406710339166,0.10254303721588261,0.07098697495338385,0.07345212547166557,-0.1009697131128694,True,-0.0021057561726998963,-0.016323976663722914,0.014286922899758503,False,-0.0019171389347298895,-0.017344316033810397,0.015686805712354306,False,0.567,0.55,-21.057561726998962,-19.171389347298895,0.004630064179803842,-0.011048090825588445,0.021284767565350814,False,0.005179379398755568,-0.011907105919997335,0.02339793343376274,False,0.2345,0.232,46.30064179803842,51.79379398755568
US,HMM RV + Log VRP (partial 0.25),5.0,184,2011-04-30,2026-07-31,0.08735290937556345,0.08693791820451047,0.08618566513601572,0.06878298718821985,0.0707270831808473,-0.0735418699342671,True,-0.004309743937863902,-0.016067583707371103,0.006976542823451465,False,-0.004642181225548159,-0.017415778334233377,0.007602747765426573,False,0.755,0.7545,-43.097439378639024,-46.42181225548158,0.0024260764146398356,-0.010362874047702962,0.015503646763471652,False,0.002454337107937299,-0.011205641211439998,0.016683022283032783,False,0.3295,0.3405,24.260764146398355,24.54337107937299
US,HMM RV + Log VRP (full),5.0,184,2011-04-30,2026-07-31,0.08390789107335991,0.08356720525275096,0.08237110620085422,0.06694539323147891,0.06877694406865587,-0.0583794362721516,True,-0.006147337894604837,-0.021600002051590524,0.012333533222161491,False,-0.006592320337739599,-0.02332593977177853,0.013175060059438677,False,0.685,0.6835,-61.47337894604837,-65.92320337739599,0.0005884824578989006,-0.016036551743148948,0.019879765923996314,False,0.0005041979957458587,-0.01698815765515837,0.0212823944995784,False,0.378,0.386,5.884824578989006,5.041979957458587
US,1/N Equity-Bond,5.0,184,2011-04-30,2026-07-31,0.08257103426962824,0.08229758590183689,0.08053352965330211,0.06635691077358001,0.06827274607291,-0.0669755663537769,True,-0.006735820352503738,-0.012423901620629996,-0.0010372806725972633,False,-0.007096518333485458,-0.013397612030501532,-0.0009257068331389188,False,0.9845,0.9845,-67.35820352503738,-70.96518333485457,0.0,0.0,0.0,False,0.0,0.0,0.0,False,1.0,1.0,0.0,0.0
US,Synthetic Pure VRP Proxy,10.0,184,2011-04-30,2026-07-31,0.338597232447474,0.3874605634624442,0.11617938548609183,0.2711089843878443,0.30305533449361466,-0.0918682423644182,True,0.2192304984239394,0.166104900690124,0.2845434498575824,True,0.2513439313445578,0.1816654220005541,0.33940361891404913,True,0.0,0.0,2192.304984239394,2513.439313445578,0.22096619711031254,0.16693361022338984,0.2879952121305008,True,0.2526844701097457,0.1813423259051539,0.34435449357476305,True,0.0,0.0,2209.6619711031253,2526.844701097457
US,60/40,10.0,184,2011-04-30,2026-07-31,0.0943069762882626,0.09390441342346367,0.09211784878551788,0.0518784859639049,0.05171140314905687,-0.0770922486000828,True,0.0,0.0,0.0,False,0.0,0.0,0.0,False,1.0,1.0,0.0,0.0,0.0017356986863731327,-0.005339455911216677,0.008292078373679939,False,0.0013405387651879153,-0.00611757887889422,0.008689443303432309,False,0.2775,0.319,17.35698686373133,13.405387651879153
US,HMM RV + Log VRP (partial 0.25),10.0,184,2011-04-30,2026-07-31,0.08735290937556345,0.08693791820451047,0.08618566513601572,0.05021306500087626,0.04995792845311198,-0.0735418699342671,True,-0.0016654209630286437,-0.01299574623066213,0.009935002921908806,False,-0.00175347469594489,-0.01409103079499554,0.011178845842387352,False,0.61,0.6105,-16.654209630286438,-17.5347469594489,7.027772334448901e-05,-0.012688201971241944,0.013242205743414757,False,-0.00041293593075697466,-0.014615609655811069,0.013968214028868718,False,0.467,0.4915,0.7027772334448901,-4.129359307569747
US,1/N Equity-Bond,10.0,184,2011-04-30,2026-07-31,0.08257103426962824,0.08229758590183689,0.08053352965330211,0.05014278727753177,0.05037086438386895,-0.0669755663537769,True,-0.0017356986863731327,-0.008292078373679939,0.005339455911216676,False,-0.0013405387651879153,-0.008689443303432309,0.0061175788788942085,False,0.7225,0.681,-17.35698686373133,-13.405387651879153,0.0,0.0,0.0,False,0.0,0.0,0.0,False,1.0,1.0,0.0,0.0
US,HMM RV + Log VRP (full),10.0,184,2011-04-30,2026-07-31,0.08390789107335991,0.08356720525275096,0.08237110620085422,0.04998289538959788,0.04981801423108423,-0.0583794362721516,True,-0.0018955905743070212,-0.017691724782893353,0.01812608719439046,False,-0.0018933889179726382,-0.01942296706664822,0.019618933249434495,False,0.5175,0.5095,-18.95590574307021,-18.933889179726382,-0.00015989188793388842,-0.016418525954100757,0.019242666861868627,False,-0.0005528501527847229,-0.017849703688313984,0.02027550378104333,False,0.4205,0.437,-1.5989188793388842,-5.528501527847229
US,RSM RV + Raw VRP,10.0,184,2011-04-30,2026-07-31,0.09727466115702856,0.09606406710339166,0.10254303721588261,0.04469928874973912,0.04499795573278487,-0.1009697131128694,True,-0.007179197214165781,-0.02334702164449459,0.010607906628778734,False,-0.006713447416272,-0.025217642835528166,0.013038188659009117,False,0.775,0.7235,-71.79197214165781,-67.13447416272001,-0.005443498527792648,-0.025001650419671714,0.013552188981094384,False,-0.005372908651084085,-0.026981033283019783,0.015691279581547174,False,0.6565,0.635,-54.43498527792648,-53.72908651084085
US,Buy-and-Hold Equity,10.0,184,2011-04-30,2026-07-31,0.1413971124429101,0.13957373626488878,0.1420391373327036,0.04052152977181693,0.035386535718612055,-0.1248712409272528,True,-0.011356956192087972,-0.04465310031526363,0.018915552107423905,False,-0.01632486743044481,-0.05136880208703412,0.018160137323039782,False,0.7035,0.776,-113.56956192087972,-163.24867430444812,-0.00962125750571484,-0.05022732753006279,0.027240511546843458,False,-0.014984328665256896,-0.057693951012796583,0.026677420868557,False,0.624,0.702,-96.21257505714838,-149.84328665256896
